title,published_at,duration,view_count,like_count,comment_count
Se LibrÃ³ del ATAQUE de un Cocodrilo âŒğŸŠ,2024-01-27T19:16:13Z,PT25S,39972377,1143891,8254
#Sareedrapping#pregnancydrapping#babyshower#shortsfeed#shorts,2024-02-11T14:43:07Z,PT37S,37983493,1239925,2823
Majburi Insaan Se Kuch Bhi Karva Deti Hai | PART 1 | #shorts #video #foryou #teamtushar,2024-01-24T05:17:00Z,PT1M1S,29605580,938530,691
Tom ğŸ“ Jerry (Soumya&Ammu)Real End TwistğŸ˜ğŸˆ #shorts #viral,2024-01-17T14:14:43Z,PT58S,22825107,438667,241
The success of people depends on their life conditionsğŸ«¡ğŸ’–ğŸ¥°#shortvideo #subscribers #success,2024-01-24T09:00:30Z,PT56S,21029074,348898,1500
ARE YOU NORMAL OR â€¦? #shorts,2024-02-08T21:07:37Z,PT1M1S,17993330,1269873,7280
SÃ¼per â¤ï¸ Smart family ğŸ¤£ğŸ’•ğŸ¥ #shorts,2024-02-10T10:12:45Z,PT57S,18027624,286190,442
Bro didn't even hesitate ğŸ¥¶ #shorts #sidemen #viral #trending,2024-01-30T19:00:18Z,PT22S,17421206,1013966,2256
CHAD WEIGHT IS FIX ğŸ—¿ #mrbombastic #shorts,2024-01-20T12:00:41Z,PT6S,15366570,,879
Amazing! Giant Watermelon Juice - Fruit Cutting Skills,2024-02-09T04:27:45Z,PT47S,14168088,336704,763
Chopped Cheese @owen.han,2024-02-06T15:00:03Z,PT20S,11912834,604363,1298
QuerÃ­a volar,2024-02-07T21:17:32Z,PT49S,11477873,354971,675
New VS Old Hammer Under Hydraulic Press!,2024-02-10T21:46:44Z,PT29S,11141988,485145,5720
Paisa bolta hai ğŸ¤‘ (part-3) | Simran Makhija | #shorts #school #schoollife,2024-02-02T08:28:59Z,PT1M,10425978,320665,201
The monster is back ğŸ˜±ğŸ¥´ LeoNata family #shorts,2024-02-06T15:00:35Z,PT21S,10511695,118649,63
How to a Find Sea Animals EASY! #shorts,2024-01-25T13:00:42Z,PT37S,10158712,,283
True eventğŸ’” #youtube #youtubeshorts #love #news,2024-02-08T19:20:43Z,PT59S,9767785,562980,9042
ĞĞµ Ğ±ĞµÑ€Ğ¸Ñ‚Ğµ Ğ² Ñ€ÑƒĞºĞ¸ ÑÑ‚Ğ¾ ÑÑƒÑ‰ĞµÑÑ‚Ğ²Ğ¾,2024-02-06T14:22:52Z,PT27S,10286985,251340,1104
ÙÙ„Ø³Ø·ÙŠÙ† Ø­Ø±Ù‡ #freepalestine  #shorts,2024-02-10T08:53:05Z,PT28S,9741594,512877,3026
He found a new.....ğŸ˜­ğŸ’” motivational status #motivation #whatsappstatus #youtube #attitude,2024-01-24T11:57:21Z,PT16S,9683914,540197,1658
Kala talent video #magic #trendingshorts ğŸ‘»ğŸ™ˆğŸ˜­ğŸ™,2024-02-08T14:00:32Z,PT58S,10009177,408743,1024
Dead Gunner,2024-01-29T15:00:18Z,PT23S,9098590,439978,1725
Respect To The Guy For His Bicycle KickğŸ¥¶ğŸ˜ˆ #shorts #football #soccer,2024-02-06T02:10:15Z,PT14S,9021965,363711,3649
repeat correctly and you will get candy #shorts,2024-02-06T06:00:18Z,PT13S,8877545,89836,39
I wanna squeeze those chubby baby cheeks! ğŸ¤£,2024-01-24T14:55:00Z,PT22S,8155939,248929,2141
My Happinessâ™¥ï¸ |  Wild Cookbook,2024-02-10T06:55:00Z,PT56S,8407979,538703,5543
Huggy Wuggy | Poppy Playtime Chapter 3 | Timelapse Build,2024-02-10T13:07:15Z,PT58S,8285755,238964,2023
0% Respect Moments. #2,2024-02-05T14:00:46Z,PT40S,7700086,223130,450
This Was The SCARIEST Moment Of MY LIFE! #shorts,2024-02-08T20:25:07Z,PT41S,7731986,168268,964
Mansi ne kat liya ğŸ¥²ğŸ˜­ #shorts #funny #viral #prank,2024-02-16T02:00:08Z,PT6S,8353197,83266,44
Kasi Saban Pena ( à¶šà·à·ƒà·’ à·ƒà¶¶à¶±à·Š à¶´à·™à¶« ) - Sarith & Surith | Pasan Liyanage ( Official Promo Track ),2024-01-05T12:16:41Z,PT3M29S,7128817,131957,4789
Ğ•Ğ³Ğ¾ Ğ¿Ğ¾Ğ¹Ğ¼Ğ°Ğ»Ğ¸ Ğ½Ğ° ÑÑŠĞµĞ¼ĞºĞµ ÑÑ‚ÑĞ°Ñ€Ğ´ĞµÑÑÑ‹ğŸ¤¯,2024-02-02T09:36:17Z,PT50S,7059154,368656,1794
"Hana likes to eat grapes, watermelon, apples, papaya, mango, and sausages ğŸ˜œ #shorts by Hana",2024-02-05T12:11:44Z,PT21S,7088875,88859,36
what girls think gymbros are like vs what they are really likeğŸ˜³... #shorts #shortsfeed #shortsvideo,2024-02-03T05:51:39Z,PT15S,6694897,313253,3111
CRISTIANO RONALDO EVOLUTION #cristianoronaldo #siuuuuu #shorts,2024-02-08T20:00:24Z,PT35S,7094500,66861,49
Dark lipstick/ white chocolate lipstick BattleğŸ«ğŸ’„ #chocolatehacks #lipstickhacks #shorts #ytshorts,2024-02-05T22:50:59Z,PT1M1S,6518269,141835,120
THESE ARE SO GOOD.,2024-01-29T21:21:52Z,PT1M1S,6158754,327075,5033
à¤ªà¥à¤¯à¤¾à¤°à¥‡  â™¥ à¤ªà¤¾à¤ªà¤¾ à¤¨à¥‡ à¤­à¥‡à¤œà¥€ ğŸ”¥ à¤¬à¥‡à¤Ÿà¥‹à¤‚ à¤•à¥‡ à¤²à¤¿à¤ Super bike ğŸš– || #shorts #viral #funny,2024-02-10T13:22:11Z,PT37S,6096212,,182
Siblings ChallengeğŸ¤£ Part-235ğŸ˜‚ #shorts #shortsvideo #shortsfeed #youtubeshorts #challenge #viral,2024-01-23T11:29:02Z,PT59S,5996731,411713,815
When You're Supposed to be Asleep -The Amazing Digital Circus(TADC)#4k #animation #3d #funny #games,2024-02-08T09:10:52Z,PT9S,6005621,83234,223
The moment when.....ğŸ’”ğŸ˜­ WhatsApp status #motivation #whatsappstatus #youtube #attitude,2024-02-11T12:22:01Z,PT16S,5998696,145356,317
Athul's Academy kerala 7907154473 Bangalore  96115 65606 UAE +971 565862630 #fashion #ff #style,2024-02-03T06:49:10Z,PT1M,5987651,241213,606
How to become a Mermaid ğŸ§œğŸ¼â€â™€ï¸ #shorts #mermaid #h2o #h2ojustaddwater #potion #howto,2024-02-08T15:11:52Z,PT1M1S,5522817,263585,3074
à¤…à¤¯à¥‹à¤§à¥à¤¯à¤¾ à¤®à¥‡à¤‚ à¤¦à¤¿à¤–à¥‡ à¤¤à¥€à¤¨ à¤¸à¤¬à¤¸à¥‡ à¤¬à¤¡à¤¼à¥‡ à¤•à¥‰à¤®à¥‡à¤¡à¤¿à¤¯à¤¨ ğŸ˜ƒ| #shorts #youtubeshorts #viralfactsvideos,2024-01-22T14:42:48Z,PT43S,5510607,421874,7290
Piyath Rajapakse - Bandimu Suda (à¶¶à¶³à·’à¶¸à·” à·ƒà·”à¶¯à·) | Lassanama Leli Official Music Video,2024-02-02T10:30:11Z,PT4M11S,5297898,180421,7848
Joe movie heroine bio data,2024-02-06T15:49:36Z,PT28S,5248731,205913,478
Animals Chiropractic ğŸ’šğŸ’šğŸ’šğŸ’š#animals #dogs #chiropractic #foryou #asmr #germany #dogshorts #love,2024-02-04T13:40:52Z,PT59S,5307055,193792,908
Â¿Que piensas de esto?,2024-02-08T00:46:40Z,PT29S,4871953,167597,193
Ab mere saath khel cricket ğŸ¤¬ğŸ”¥|| Bhagat Aadmi tha ft. Masoom sharma || #action #attitude #shorts,2024-02-09T02:26:14Z,PT1M,5031750,,50
Alpha FemaleğŸ‘¿ğŸ˜ˆ | Animal Movie #ranbirkapoor #rashmikamandanna #animalmovie #viral #shorts,2024-02-04T07:35:00Z,PT20S,4724965,126108,473
ĞšĞ°Ñ…Ğ° - Ñ‚Ğ¾Ñ€Ğ¼Ğ¾Ğ·!  #Ğ½ĞµĞ¿Ğ¾ÑÑ€ĞµĞ´ÑÑ‚Ğ²ĞµĞ½Ğ½Ğ¾ĞºĞ°Ñ…Ğ°,2024-01-31T09:00:03Z,PT52S,9620816,511603,723
nand ki beti | Zaroorat Rishta House | #viralvideos #ytshorts #ytshortsindia #desi #yt #desi #viral,2024-02-06T07:00:00Z,PT28S,9078284,351892,2152
BROMA A MIS HERMANOS #fyp #stitch #comedia #larin #alfredolarin #rouforyou,2024-01-24T12:39:43Z,PT19S,8760569,257176,323
Chikir jonno boro vai dolna banalo#funny #facts,2024-02-09T02:35:00Z,PT25S,8710358,,56
Bus taking u turn #factsintamil ğŸ˜±à®…à®¤à®¿à®°à¯à®·à¯à®Ÿà®µà®šà®®à®¾à®• à®¤à®ªà¯à®ªà®¿à®©à®¾à®°à¯ğŸ˜± #amazingfacts #touchfacts #shorts,2024-02-06T09:00:02Z,PT18S,8239508,94752,132
Top Three Pranks in Celebrity Talk Shows ğŸ˜‚,2024-01-26T23:23:55Z,PT58S,8281601,119902,424
à¤›à¤ªà¤°à¤¾ à¤œà¤¿à¤²à¤¾ à¤•à¥‡ à¤à¤• à¤®à¤¾à¤‚ à¤¨à¥‡ à¤à¤• à¤¸à¤¾à¤¥ à¤¤à¥€à¤¨ à¤¬à¤šà¥à¤šà¥‹à¤‚ à¤•à¤¾ à¤œà¤¨à¥à¤® à¤¦à¤¿à¤¯à¤¾ğŸ‰#shorts #ytshorts #birthday |,2024-02-07T16:05:53Z,PT26S,8711783,323360,1292
Islam means Equality ğŸ•‹ğŸ•Œ|#gaza #palestine #islam #kaaba #muhammad #quran,2024-02-03T09:07:44Z,PT32S,8495117,547050,11870
My Happinessâ™¥ï¸ |  Wild Cookbook,2024-02-10T06:55:00Z,PT56S,8407979,538703,5543
ĞšĞ¾Ñ‚ Ğ²Ğ½ÑƒÑ‚Ñ€Ğ¸ Ğ°ĞºĞ²Ğ°Ñ€Ğ¸ÑƒĞ¼Ğ° ğŸ˜…,2024-02-01T16:02:01Z,PT28S,7790027,296191,1858
OMG! ğŸ«£ SHE COULDN'T SAVE JAX FROM THE ZOMBIES ğŸ˜© THE AMAZING DIGITAL CIRCUS,2024-02-12T02:18:19Z,PT16S,8283554,105424,223
ĞĞŸĞ•Ğ ĞĞ¦Ğ˜Ğ¯ ĞĞ ĞœĞĞ—Ğ“Ğ•. ĞšĞ°Ğº Ğ²ÑĞµ Ğ¿Ñ€Ğ¾Ğ¸ÑÑ…Ğ¾Ğ´Ğ¸Ñ‚? #Ğ¾Ğ¿ĞµÑ€Ğ°Ñ†Ğ¸Ñ #Ğ·Ğ½Ğ°Ğ½Ğ¸Ñ #Ğ¾Ğ±ÑƒÑ‡ĞµĞ½Ğ¸Ğµ #Ğ½Ğ¾Ğ²Ğ¾Ğµ #Ğ¸Ğ½Ñ‚ĞµÑ€ĞµÑĞ½Ğ¾Ğµ #Ñ‚Ğ¸ĞºÑ‚Ğ¾Ğº #ÑˆĞ¾Ğº,2024-02-06T15:51:41Z,PT1M,7538114,,3350
à¤µà¥‹ à¤šà¥€à¤Ÿà¤¿à¤‚à¤— à¤•à¤°à¤¨à¥‡ à¤®à¥‡à¤‚ à¤‰à¤¸à¥à¤¤à¤¾à¤¦à¥‹ à¤•à¥‡ à¤­à¥€ à¤¬à¤¾à¤ª à¤¹à¥ˆ #shorts,2024-01-27T12:30:28Z,PT1M,7545941,355205,52
"Tu Hai Kahan in the Multiverse of AI ft. Modi Ji, Babar Azam, Virat Kohli. #modiji #desi #viral",2024-02-04T04:54:57Z,PT1M1S,7571833,350918,4289
Are we there yet Prank #digitalcircusmemes,2024-02-10T09:41:07Z,PT17S,7477518,143136,1513
Rafa kelilipan #davidsunairi #minivlog #anakdesa #hidupdidesa #warungds #rafa,2024-02-08T07:00:27Z,PT19S,7436990,89360,351
#bhojpuri #shorts #ashortaday,2024-02-11T05:54:15Z,PT50S,7460144,198172,138
à¸”à¸¹à¹à¸•à¹ˆà¹‚à¸—à¸£à¸¨à¸±à¸à¸—à¹Œà¸”à¸µà¸™à¸±à¸,2024-02-01T07:59:36Z,PT52S,7214263,88995,328
à¤²à¤¡à¤¼à¤•à¥€ à¤¸à¥‡ à¤—à¥à¤°à¥‚à¤œà¥€ à¤¨à¥‡à¤‚ à¤ªà¥‚à¤›à¤¾ à¤¸à¤µà¤¾à¤² ğŸ•‰#anirudhacharya #trendingshorts #ytshorts #mahrajikatha,2024-01-23T14:15:02Z,PT59S,7413196,318750,599
Mansi ne kat liya ğŸ¥²ğŸ˜­ #shorts #funny #viral #prank,2024-02-16T02:00:08Z,PT6S,8353197,83268,44
Kasi Saban Pena ( à¶šà·à·ƒà·’ à·ƒà¶¶à¶±à·Š à¶´à·™à¶« ) - Sarith & Surith | Pasan Liyanage ( Official Promo Track ),2024-01-05T12:16:41Z,PT3M29S,7128817,131958,4789
"Funny video entertainment, good entertainment, short films #153",2024-02-07T03:50:50Z,PT32S,7376057,182454,485
"Hana likes to eat grapes, watermelon, apples, papaya, mango, and sausages ğŸ˜œ #shorts by Hana",2024-02-05T12:11:44Z,PT21S,7088875,88859,36
ğŸ’¥å‰å®³ï¼é«˜åŸä¸Šçš„åœŸæ‹¨é¼ é”é¼»è—ç’ï¼#animal ã€è·Ÿç€å›¾å°”å»æ—…è¡Œã€‘,2024-01-29T14:00:27Z,PT34S,6798046,46804,1562
Aaisa bhi koi karta hai kya ğŸ˜‚â¤ï¸#trandingshorts #funnyshorts #comedyvideos #shorts,2024-01-24T07:27:32Z,PT49S,6768676,331757,205
Take A Look At My Girlfriend ğŸ™ˆâ¤ #sx21edits #dance Tiktok Girlfriend trend 2024,2024-02-02T13:31:49Z,PT11S,6558602,180163,346
Transverse gear tapping process- Good tools and machinery make work easy,2024-02-05T09:16:34Z,PT9S,6556160,28585,30
Daftar makanan kesukaaan para presiden indonesia #info #faktaunik #shorts,2024-02-06T07:53:26Z,PT59S,6559535,232753,11924
FIRE VS ICE! Will King Jax Save The Queen Frozen from the hands of death? | Funny Animation #shorts,2024-01-21T07:38:57Z,PT58S,6217631,561383,367
THESE ARE SO GOOD.,2024-01-29T21:21:52Z,PT1M1S,6158754,327075,5033
CRISTIANO RONALDO EVOLUTION #cristianoronaldo #siuuuuu #shorts,2024-02-08T20:00:24Z,PT35S,7094500,66861,49
à¤ªà¥à¤¯à¤¾à¤°à¥‡  â™¥ à¤ªà¤¾à¤ªà¤¾ à¤¨à¥‡ à¤­à¥‡à¤œà¥€ ğŸ”¥ à¤¬à¥‡à¤Ÿà¥‹à¤‚ à¤•à¥‡ à¤²à¤¿à¤ Super bike ğŸš– || #shorts #viral #funny,2024-02-10T13:22:11Z,PT37S,6096212,,182
HANTU MIO MELAHIRKAN ğŸ˜­ #sakuraschoolsimulator #yutamio #sakura,2024-02-06T05:38:34Z,PT57S,6100768,104088,109
Dark lipstick/ white chocolate lipstick BattleğŸ«ğŸ’„ #chocolatehacks #lipstickhacks #shorts #ytshorts,2024-02-05T22:50:59Z,PT1M1S,6518269,141833,120
Siblings ChallengeğŸ¤£ Part-235ğŸ˜‚ #shorts #shortsvideo #shortsfeed #youtubeshorts #challenge #viral,2024-01-23T11:29:02Z,PT59S,5996731,411713,815
Athul's Academy kerala 7907154473 Bangalore  96115 65606 UAE +971 565862630 #fashion #ff #style,2024-02-03T06:49:10Z,PT1M,5987651,241213,606
ORDER CARDBOARD ICE CREAM GREEDILYï¼#asmr,2024-02-12T07:51:00Z,PT42S,5947646,96739,69
The moment when.....ğŸ’”ğŸ˜­ WhatsApp status #motivation #whatsappstatus #youtube #attitude,2024-02-11T12:22:01Z,PT16S,5998696,145356,317
When You're Supposed to be Asleep -The Amazing Digital Circus(TADC)#4k #animation #3d #funny #games,2024-02-08T09:10:52Z,PT9S,6005621,83234,223
How to become a Mermaid ğŸ§œğŸ¼â€â™€ï¸ #shorts #mermaid #h2o #h2ojustaddwater #potion #howto,2024-02-08T15:11:52Z,PT1M1S,5522817,263585,3074
à¤…à¤¯à¥‹à¤§à¥à¤¯à¤¾ à¤®à¥‡à¤‚ à¤¦à¤¿à¤–à¥‡ à¤¤à¥€à¤¨ à¤¸à¤¬à¤¸à¥‡ à¤¬à¤¡à¤¼à¥‡ à¤•à¥‰à¤®à¥‡à¤¡à¤¿à¤¯à¤¨ ğŸ˜ƒ| #shorts #youtubeshorts #viralfactsvideos,2024-01-22T14:42:48Z,PT43S,5510607,421874,7290
The new shipment has arrived of iPad 5th Gen with big offer at zamzam#Abdul_Ghafoor#Muhammad_Shakoor,2024-02-07T02:59:59Z,PT29S,5439106,132585,1061
miss you dağŸ˜­ğŸ˜­ğŸ˜­ğŸ˜­ğŸ˜­ğŸ˜­ğŸ˜­ğŸ˜­,2024-01-30T02:34:37Z,PT55S,5443363,216079,1335
Cruel summer: Pengâ€™s version | #shorts #singing,2024-02-08T23:42:57Z,PT19S,5427478,164508,1107
gemoy,2024-02-05T08:41:24Z,PT15S,5384294,64529,7870
Joe movie heroine bio data,2024-02-06T15:49:36Z,PT28S,5248731,205913,478
Piyath Rajapakse - Bandimu Suda (à¶¶à¶³à·’à¶¸à·” à·ƒà·”à¶¯à·) | Lassanama Leli Official Music Video,2024-02-02T10:30:11Z,PT4M11S,5297898,180421,7848
Las zapatillas mÃ¡s largas del mundo,2024-02-05T16:31:22Z,PT46S,5262385,378989,869
New way of approaching girls 2024 ğŸ˜ #viral #fyp #partner,2024-02-01T03:11:38Z,PT32S,4843218,106814,542
Alpha FemaleğŸ‘¿ğŸ˜ˆ | Animal Movie #ranbirkapoor #rashmikamandanna #animalmovie #viral #shorts,2024-02-04T07:35:00Z,PT20S,4724965,126109,473
Athukkellam nee saripattuvaramatten ğŸ¤ªğŸ¤£ğŸ˜‚#policouple #kunjava #keralatamilnadu #funnyshorts,2024-02-12T12:30:25Z,PT42S,1849258,84240,268
Ithulaiyum - Couple goal ah!! ğŸ˜‚ğŸ’¥ğŸ”¥ | Challenge NO.321 ğŸ’¥ | #challenge #pongal #youtubeshorts #shorts,2024-02-09T11:30:33Z,PT59S,1751451,112977,81
à¶œà¶¸à·š à¶½à·ƒà·Šà·ƒà¶±à¶¸ à¶½à·šà¶½à·’... ğŸ¤ª à¶­à·€à¶­à·Š à·„à·à¶©à¶§ à¶•à¶±à·’à¶±à¶¸à·Š LMK ğŸ˜…,2024-01-30T09:42:31Z,PT27S,1686810,61216,644
Skibidi Heroes vs Skibidi toilet #skibiditoilet #fight #viral #skibi,2024-02-10T12:00:43Z,PT53S,1676286,103598,392
Tile Level Tools For You | Tile Kaise Fit kare #shorts #tileinstallation #tilefixingtools,2024-02-07T05:30:10Z,PT12S,1657447,13325,18
BIG ACTORS 3 RESPECT MOMENTS TO FANSâ¤ï¸â€ğŸ”¥ğŸ”¥ #yash #kgf2 #vijay #thalapathy #ajith #rajini #fans,2024-02-12T18:32:25Z,PT52S,1616599,104632,251
Carbonara from @FrenchGuyCooking ! #shorts,2024-01-31T09:07:25Z,PT58S,1582032,67002,573
FRIED Ice cream??,2024-01-26T12:00:48Z,PT44S,1586484,126643,217
Mama va miss panriya ğŸ˜‚ğŸ¤£ğŸ˜‚#shortsfeed #youtubeshorts #trending #comedy #fun #friends #brothers,2024-02-13T11:29:53Z,PT59S,1619290,87479,181
Gumball es Perseguido por Charlie50k,2024-02-10T05:06:10Z,PT39S,1530557,69055,1639
Dialog Prashansa | Mobile Postpaid Plan,2024-02-08T02:42:45Z,PT28S,1830059,65,5
Chips ke Badle IPhone ğŸ“±ğŸ˜±ğŸ˜± #neetubisht #comedy #trendingonshorts #nanandbhabhi #trending,2024-02-07T12:30:08Z,PT1M,1405163,93465,544
Heart shaped browniesğŸ’Œ #heart #brownies #vday #dessert #viral #shorts #diy #recipe #chocolate #yum,2024-02-07T21:48:38Z,PT28S,1383376,102039,305
Naa Hrudayam â™¥ï¸ #amalashaji,2024-02-09T14:19:46Z,PT15S,1383668,59825,313
à¶½à¶‚à¶šà·à·€à·š à¶‹à¶œà¶­à·Š à¶±à·’à·…à·’à¶ºà¶±à·Š ğŸ’¯âœ”ï¸ || Sri lankan actress job ğŸ’¯ #srilanka #viral #trending #shorts,2024-02-10T10:24:44Z,PT15S,1354382,31112,84
Numba langa â¤ï¸â¤ï¸â¤ï¸ #yohani #kella #numbalanga,2024-02-01T11:43:30Z,PT29S,1329482,60550,381
I wanted to break the VR oculus ğŸ˜±ğŸ¥´ LeoNata family #shorts,2024-02-19T13:00:45Z,PT8S,1368589,16298,29
""" à¶…à·à·šà¶±à·Š à¶šà·™à¶½à·Šà¶½à¶§ à·„à·™à¶½à¶šà·œà¶´à·Šà¶§à¶»à·š à¶´à·Šâ€à¶»à¶´à·à·ƒà·Š à¶šà¶»à¶´à·” à·€à·’à¶¯à·’à¶º "" à¶šà·à¶§à·’à¶´à¶­à·’ à¶…à·à·™à¶±à·Š",2024-02-06T08:02:05Z,PT14S,1326455,41459,400
à¶”à¶ºà¶½à¶œà·™ à¶½à¶ºà·’à¶§à·Š à¶¶à·’à¶½ à¶šà·’à¶ºà¶¯ ğŸ˜‚ #athalvideo #comedy #funnyvideo #funny #jokvideo#ğŸ˜‚ğŸ˜‚,2024-02-09T09:48:43Z,PT1M,1328835,42339,369
Piyath Rajapakse - Bandimu Suda (à¶¶à¶³à·’à¶¸à·” à·ƒà·”à¶¯à·) | | Copy Chat ğ•ğ€ğ‹ğ„ğğ“ğˆğğ„ ğ’ğğ„ğ‚ğˆğ€ğ‹ with Glow and Lovely ğŸ’—,2024-02-12T07:56:14Z,PT48S,1316237,57610,238
How To Draw Waterdrop Noob Vs Pro,2024-02-12T15:24:39Z,PT50S,1305449,66352,71
à¶¯à·’à¶±à¶šà·Šà·‚à·“ à¶œà·™ à¶¶à¶­à·Š à¶¸à·”à¶½ ğŸ˜‚ ğŸ¤© | Dinakshie cooks for the family ğŸ˜±ğŸ¤©,2024-02-07T11:51:44Z,PT33S,1255614,50338,509
DILU Beats - Neth Manema (à¶¸à¶‚ à¶±à·”à¶¹à·™ à¶±à·™à¶­à·Š à¶¸à·à¶±à·™à¶¸ à¶‰à¶±à·Šà¶±à¶¸à·Š) Official Music Video,2024-02-05T11:30:09Z,PT3M36S,1252376,54719,3923
Styrofoam vs. Brand New CYBERPOWER #PC (prebuilt fail) #tech #technology #shorts,2024-02-12T23:53:34Z,PT1M1S,1235561,108224,709
"King ğŸ‘‘ à¤œà¥‹ à¤¹à¥‹à¤¤à¤¾ à¤¹à¥ˆ,à¤…à¤šà¥à¤›à¥‡ à¤•à¥‡ à¤²à¤¿à¤ à¤¹à¥‹à¤¤à¤¾ à¤¹à¥ˆğŸ˜±Chapter-19 #motivation #inspiration #king",2024-02-19T13:38:12Z,PT1M,1304296,108429,254
""" à¶…à¶¸à·Šà¶¸à· à¶¸à·™à¶±à·Šà¶± à¶¸à¶œà·š à·ƒà¶‚à¶šà·”à¶§à·Šà¶§à· à¶´à·’à¶§ à·„à¶´à¶±à· à·ƒà¶­à·”à¶§à·’à¶±à·Š à¶‰à¶±à·Šà¶± à¶”à¶ºà·à¶½à¶­à·Š à·€à·›à¶» à¶šà¶»à¶±à·Šà¶± à¶‘à¶´à· "" à¶´à·’à¶ºà·”à¶¸à·’ à·„à¶‚à·ƒà¶¸à·à¶½à·’",2024-02-09T11:30:43Z,PT15S,1210303,32580,356
à¶…à¶¯ à¶šà·œà¶½à·Šà¶½à·œ à¶œà·™à¶¯à¶» à¶œà·’à·„à·’à¶±à·Š à¶‰à·€à¶»à¶ºà·’ ğŸ˜‚ğŸ’” à¶’ à¶­à¶¸à¶ºà·’ à¶…à¶¸à·Šà¶¸à¶œà·™ à¶†à¶¯à¶»à·š ğŸ¥° à¶”à¶ºà·à¶œà·š à¶…à¶¸à·Šà¶¸à¶­à·Š à¶¸à·š à·€à¶œà·š à¶¯ #trending #viral #shorts,2024-02-15T13:04:42Z,PT19S,1174625,39501,263
Sordadin de paraquedas funciona? ğŸ¤” #shorts,2024-02-18T16:54:00Z,PT1M,1157180,140881,711
"Yar SerupuğŸ¥¿ podriyo, avangala mariye mariduva ğŸ¤¯ğŸ¤© | Vilvah |",2024-02-09T11:00:36Z,PT1M,1157512,60484,89
Make your Home smarter with the Dialog Smart Home App to conveniently control your smart devices,2024-01-22T11:28:46Z,PT46S,1245188,4977,1
He gives his mom a kiss everyday â¤ï¸ #shortsvideo,2024-02-06T06:00:05Z,PT19S,1198440,29287,427
Adopted daughter is in psycho ğŸ§’ğŸ˜° | Toca life story #shorts #tocaboca,2024-02-12T04:30:19Z,PT38S,1148350,46998,89
Pongal- Avengers Assemble ğŸ˜‚ğŸ’¥ğŸ¤© | Challenge No.323 ğŸ”¥ | #challenge #pongal #youtubeshorts #shorts,2024-02-15T11:30:09Z,PT59S,1219409,72722,42
Kattayam kalyanamğŸ’”| #naveenricky #shorts,2024-02-10T17:45:00Z,PT1M,1145494,119933,322
Genius Student vs Crab vs Mom : Who is Smartest? ğŸ˜‚ #shorts #movie #viral cheat exam,2024-02-19T13:03:11Z,PT1M,1130402,61493,660
Lighter ğŸ†š Can #creativelighter,2024-02-08T05:45:18Z,PT33S,1106502,23028,28
i just want to eat together ğŸ¥º #couple #couplecomedy #shorts,2024-02-06T21:57:43Z,PT1M,1107278,105379,667
MÃ¼ge AnlÄ± ile TatlÄ± Sert | 19 Åubat 2024 Pazartesi,2024-02-19T11:58:13Z,PT2H19M15S,1100032,,0
iPhone vs SamsungğŸ¤£ğŸ˜‚ #babache #funny #viral #comedy #youtubeshorts #abubakr #tiktokstar #fyp ï¿¼ï¿¼,2024-02-07T13:24:40Z,PT12S,1070711,37618,248
à¶ à·”à¶‚à¶œà¶­à·Š à¶‘à¶šà·Šà¶š à¶»à·‘ à¶šà·‘à¶¸ à·„à·à¶¯à·”à·€à· ğŸ˜ | Dinner time with Saranya ğŸ¤©,2024-02-09T14:48:50Z,PT13S,1072192,36781,155
Inventions of Muslim ğŸ”¥ğŸ—¿|| #shorts #freepalestine,2024-02-11T11:54:03Z,PT35S,1082779,65224,6504
Joe|Love|BraveHeartHub-615 #trending #vibes #joe #shortssongs #lovestatus #marriage #dearcomrade,2024-02-10T10:00:34Z,PT1M,1058074,56089,67
Trying to make ï¿¼tanghulu ï¿¼ ğŸ˜…ğŸ¡,2024-02-09T02:17:35Z,PT1M1S,1078600,65382,280
à¶¸à¶¸ à¶¯à·à¶šà¶´à·” à¶…à·„à·’à¶±à·Šà·ƒà¶šà¶¸ à·„à·’à¶±à·à·€à¶šà·Š à¶‘à¶ºà·à¶§ à¶­à·’à¶¶à·”à¶±à·ğŸ˜ğŸ¥¹#tiktok #shortvideo #trendin #fun #love #asmr #fun #chanaka,2024-02-11T17:25:18Z,PT22S,1030842,48848,
à·ƒà·à¶»à¶‚à¶œà¶§ à¶¸à·œà¶±à·€à· à·„à·’à¶­à·™à¶±à·Šà¶± à¶‡à¶­à·’à¶¯ â¤ #viral,2024-02-10T06:28:10Z,PT12S,1029997,31019,267
Romba struggle panan! | #Shorts #LalSalaamAudiolaunch #Superstarrajinikanth | Sun TV,2024-02-06T12:47:00Z,PT32S,1008401,47361,77
Kawaii Girl Ketchup #viral #funny #sigmagirl,2024-02-11T11:00:40Z,PT16S,999404,35728,267
The three-wheeler rolled in front of the ferocious wild elephant. #new #shorts,2024-02-09T13:47:00Z,PT29S,997996,12056,24
à¤¶à¥à¤°à¤¾à¤µà¤£à¥€à¤²à¤¾ à¤•à¤¸à¥‡ à¤¬à¤¨à¤µà¤²à¥‡ Snapchat Effect à¤¨à¥‡ à¤šà¥‡à¤¹à¤°à¤¾ à¤•à¤¸à¤¾ à¤à¤¾à¤²à¤¾ à¤–à¥à¤ª à¤›à¤¾à¤¨ à¤à¤•à¤¦à¤¾ à¤¬à¤˜à¤¾ à¤®à¤¿à¤¤à¥à¤°à¤¾à¤‚à¤¨à¥‹ à¤®à¤œà¥à¤œà¤¾ ğŸ§‘â€ğŸ’¼ğŸ˜³ğŸ˜‚,2024-02-13T00:31:13Z,PT13S,1017468,9782,2
#à¶­à·™à·€à¶½à· à¶¶à·”à¶¯à·” à·€à¶¯à¶±à·Š#,2024-02-09T18:37:50Z,PT1M1S,1007831,33734,331
à¤¶à¥à¤°à¤¾à¤µà¤£à¥€à¤²à¤¾ à¤•à¤¸à¥‡ à¤¬à¤¨à¤µà¤²à¥‡ Snapchat Effect à¤¨à¥‡ à¤šà¥‡à¤¹à¤°à¤¾ à¤•à¤¸à¤¾ à¤à¤¾à¤²à¤¾ à¤–à¥à¤ª à¤›à¤¾à¤¨ à¤à¤•à¤¦à¤¾ à¤¬à¤˜à¤¾ à¤®à¤¿à¤¤à¥à¤°à¤¾à¤‚à¤¨à¥‹ à¤®à¤œà¥à¤œà¤¾ ğŸ§‘â€ğŸ’¼ğŸ˜³ğŸ˜‚,2024-02-13T00:31:13Z,PT13S,1017468,9782,2
#à¶­à·™à·€à¶½à· à¶¶à·”à¶¯à·” à·€à¶¯à¶±à·Š#,2024-02-09T18:37:50Z,PT1M1S,1007831,33734,331
Who would you become if you had this Power? #shorts #movie #viral,2024-02-06T13:30:23Z,PT52S,1009464,33778,44
à¶’ Affair à¶‘à¶š à¶±à¶­à¶» à¶‹à¶±à·à¶§ à¶´à·ƒà·Šà·ƒà·™ à¶¸à¶¸ à¶½à·™à¶© à·€à·™à¶½à· hospitalize à·€à·™à¶½ à·„à·’à¶§à·’à¶ºà· depression à¶‹à¶±à· ğŸ’”ğŸ˜­ sachini dilhara,2024-02-10T04:35:48Z,PT15S,972432,30813,
Rookie #viral #fouryoupage #fy #shortvideo #storytime #storywa #story #stories #viralshort,2024-02-12T15:35:44Z,PT1M1S,982257,49990,157
ATHLETIC CLUB 3 - 2 GIRONA FC | RESUMEN LALIGA EA SPORTS,2024-02-19T22:16:20Z,PT3M20S,988656,20264,611
à¶œà¶¸à·š à¶½à·ƒà·Šà·ƒà¶±à¶¸ à¶¶à·‘à¶±à· à¶šà· | thathsarini tiktok dance | #shorts,2024-02-07T13:41:25Z,PT19S,959021,39897,230
Anbe Vaa Serial Shorts | Ep 996 - 5 | #AnbeVaa | Virat | Shree Gopika | #shorts #ytshorts,2024-01-21T17:55:00Z,PT1M,952658,28726,18
Rip Vetri Duraisamy | à®®à®•à®©à¯ˆ à®‡à®´à®¨à¯à®¤ à®šà¯‹à®•à®¤à¯à®¤à®¿à®²à¯ à®‰à®±à¯ˆà®¨à¯à®¤ à®šà¯ˆà®¤à¯ˆ à®¤à¯à®°à¯ˆà®šà®¾à®®à®¿!,2024-02-13T15:36:10Z,PT15S,967446,7230,146
@andrewemily16backup #bestfood #food,2024-02-15T09:33:29Z,PT16S,967732,12629,49
Eppadi patta varan ethirpakuringa..ğŸ˜‚ | Super Singer 10,2024-02-15T12:00:28Z,PT58S,1017426,29313,46
Minivlog#190ğŸ¥šEgg dum biriyani for lunchğŸ¤©||After lunch preparation #shorts #minivlog #diml #yt,2024-02-07T11:17:46Z,PT1M,914672,56792,120
The Valentines Pizza #TheManniiShow.com/series,2024-02-14T14:00:06Z,PT7S,912062,42835,299
à®‡à®©à®¿à®¯à®¾à®µà®¿à®±à¯à®•à¯ à®•à®¾à®¤à¯à®¤à®¿à®°à¯à®•à¯à®•à¯à®®à¯ à®ªà¯‡à®°à®¤à®¿à®°à¯à®šà¯à®šà®¿ | à®ªà®¾à®•à¯à®•à®¿à®¯à®¾ à®à®©à¯à®© à®šà¯†à®¯à¯à®¯à®ªà¯à®ªà¯‹à®•à®¿à®±à®¾à®³à¯ | Baakiyalakshmi Serial Promo,2024-02-05T10:46:05Z,PT2M10S,916359,3120,20
Get Unready With Me ğŸ¤© || vlogsofsona || #makeup #gurwm,2024-02-12T10:36:31Z,PT58S,909347,57246,113
Their bond!â¤ï¸ #ksravikumar #LalSalaamAudioLaunch #SuperStarRajiniKanth #SunNXT,2024-02-10T11:10:49Z,PT34S,884295,29425,65
Worst Client Experience ğŸ¥²ğŸ˜‚ || vlogsofsona || #trending #youtubeshorts #makeup #nailart,2024-02-11T16:05:48Z,PT1M,882305,69836,356
This mother in Gaza carried her dead son while escaping Israeli bombing,2024-01-25T22:23:44Z,PT13S,866196,58014,4074
Trump fake elector in Wisconsin describes how he says he was tricked | 60 Minutes,2024-02-19T13:11:30Z,PT13M23S,863093,19985,5180
à®…à®µà®®à®¾à®©à®ªà¯à®ªà®Ÿà¯à®¤à¯à®¤à®ªà¯à®ªà®Ÿà¯à®Ÿ à®•à®²à®¾ à®®à®¾à®¸à¯à®Ÿà®°à¯ | à®‡à®ªà¯à®ªà®Ÿà®¿à®¯à¯à®®à¯ à®…à®µà®®à®¾à®©à®ªà¯à®ªà®Ÿà¯à®¤à¯à®¤à¯à®µà®¾à®™à¯à®•à®³à®¾? #kalamaster #kalaingartv #dancer,2024-02-07T07:10:03Z,PT56S,855607,10254,15
à¶½à¶‚à¶šà·à·€à·š à¶šà¶½à·à·€à·š à¶…à¶±à·à¶œà¶­à¶ºà¶ºà·’ à·€à¶»à·Šà¶­à¶¸à·à¶±à¶ºà¶ºà·’ à¶‘à¶šà¶¸ à·€à·“à¶©à·’à¶ºà· à¶‘à¶šà¶šà·’à¶±à·Š. à¶šà·€à·”à¶¯ à¶½à·ƒà·Šà·ƒà¶±à¶§à¶¸ à¶±à¶§à¶±à·Šà¶±à·™ğŸ˜?. dasuni senethma & nirosha,2024-02-13T14:08:35Z,PT10S,876103,25757,300
""" à·à¶½à·’à¶±à·’ à¶­à·à¶»à¶šà· à¶‡à¶¯à¶§ à·€à·™à¶½à· à·„à¶¶à·’à¶ºà· à¶‘à¶šà·Šà¶š à¶’ à¶¯à·™à¶±à·Šà¶±à¶œà·š à¶†à¶¯à¶»à·™à·Š à¶¶à¶½à¶±à·Šà¶±à¶šà· """,2024-02-14T14:14:54Z,PT14S,851734,17080,
à®šà®¿à®©à¯à®©à®µà®°à¯ Book à®ªà®Ÿà®¿à®•à¯à®•à®µà¯‡ à®®à®¾à®Ÿà¯à®Ÿà®¾à®°à¯!ğŸ˜‚ Aishwarya Rajinikanth,2024-02-10T06:34:26Z,PT29S,877682,31447,44
Janai Priyai à¶¢à¶±à¶ºà·’ à¶´à·Šâ€à¶»à·’à¶ºà¶ºà·’ | Massina - à¶¸à·ƒà·Šà·ƒà·’à¶±à· ğŸ‘¨ | The Comedy,2024-02-09T10:30:19Z,PT19M37S,836418,25341,684
Chocolate Pizza ğŸ«,2024-02-14T12:10:02Z,PT54S,867795,79551,267
reduce LAG in minecraft!,2024-02-14T13:32:48Z,PT58S,870458,89322,547
Ship Stuck in North Sentinel,2024-02-08T14:53:45Z,PT59S,827213,59664,108
Portugal vs Brazil 4-3 Ronaldo Hat-tricks ğŸ”¥ 2026 World Cup FINAL Imaginary Match Highlights & Goals,2024-02-11T15:30:03Z,PT1M,822535,35697,368
Comment ur girlfriend or bestie name â¤ï¸ğŸ˜˜ğŸ¥° @nishita1962 #trending #viral #tamil #cute #shorts,2024-02-09T09:32:35Z,PT23S,833812,31012,319
Little psycho girl stuck the mask on her face ğŸ˜°ğŸ˜… | Toca life story #shorts,2024-02-10T16:30:16Z,PT42S,812223,41325,39
Rajadhi Raja #shortsfeed #trending #youtubeshorts #fun #comedy #friends #brothers  #tamilcomedy,2024-02-15T11:30:01Z,PT48S,813080,51974,169
"""That explains the scream!""  #hilariousstories #funnystories",2024-02-06T16:15:03Z,PT1M,826132,62920,301
à¶…à¶´à·’à¶­à·Š à¶œà·’à¶ºà· ğŸ˜Œ,2024-02-14T12:30:26Z,PT1M,944150,36777,150
à¶¯à¶­à·Š à¶šà·à¶šà·”à¶¸à¶§ à·„à¶»à·’à¶¸ à¶¶à·™à·„à·™à¶­ ğŸ¤ªğŸ‘Œ#asmrcooking #trending #1million #viral #shorts #youtubeshorts #1m,2024-02-10T13:17:25Z,PT44S,784883,,546
Mario Kart With Parental Controls,2024-02-18T20:00:10Z,PT29S,776944,53295,240
ğŸ’¥à®¨à¯€à®™à¯à®• à®šà¯†à®¯à¯à®¯à®¾à®¤ à®¤à®µà®±à¯à®•à¯à®•à¯ à®ªà®´à®¿à®¯à¯ˆ ğŸ˜±à®à®±à¯à®±à¯à®•à¯à®•à¯Šà®³à¯à®³ à®µà¯‡à®£à¯à®Ÿà®¾à®®à¯ğŸ’”ğŸ’¯ #shorts #youtubeshorts #emotional #viral,2024-02-15T15:00:39Z,PT1M,792599,32779,37
CHALLENGE BAJU MERAH #diy #christmas #gift #christmasdecor #christmastree #funny,2024-02-19T09:30:09Z,PT13S,800874,56952,178
à·„à·à¶¸à·à¶¸ à·„à·œà¶ºà¶± 'à¶¶à·’à¶š'à¶…à·à·šà¶±à·Šà¶œà·š à¶¶à·’à¶»à·’à¶¯ ğŸ˜˜â¤ï¸ #bailamalla #newsong #sarithsurith,2024-02-10T15:02:47Z,PT12S,775647,22016,201
à¶¸à·š à·€à¶œà·š à¶œà·à¶¸à·Šà¶¸à¶§ à¶‰à¶¯à¶±à·Š à¶¸à·’à¶±à·’à·ƒà·Šà·ƒà·”à¶±à·Šà¶§ respect à¶šà¶»à¶±à·Šà¶± à¶¯à¶±à·Šà¶± à¶±à·’à¶½à¶°à·à¶»à·“à¶±à·Š à·„à·’à¶§à·’à¶ºà¶±à¶¸à·Š à¶¸à¶»à·”.,2024-02-08T04:32:06Z,PT30S,829188,31829,615
à¶´à·€à·Š à¶’ à¶šà·œà¶½à·Šà¶½à· ğŸ˜¥,2024-02-12T12:30:06Z,PT1M,780589,34874,69
CRISTIANO RONALDO EVOLUTION #cristianoronaldo #siuuuuu #shorts,2024-02-11T20:00:17Z,PT35S,886897,9439,4
Pavam andha meowğŸ¥¹ğŸ˜‚â™¥ï¸ #tamil #song #anirudh #baby #imsubu #newshorts,2024-02-11T13:30:27Z,PT36S,752971,57465,283
"""à¶¸à·à¶ºà·’ à¶¸à¶œà·š à¶¸à·à¶­à·Šà¶­à¶ºà¶ºà·’""ğŸ¥°ğŸ˜˜â¤ï¸ğŸŒ¸ #viral #trending #tiktok #shorts piumi hansamali",2024-02-14T15:30:12Z,PT7S,760779,17443,47
Must Play Mobile Game-Age Of Origins!ğŸ˜± #shorts,2024-02-14T17:00:51Z,PT44S,754228,13991,5
Making chocolate tanghulu! ğŸ“ğŸ«ğŸ¡,2024-02-13T02:53:34Z,PT1M1S,750138,64405,686
ã‚‚ã†æ¨ã¦ã‚‹ã‹ã‚‰,2024-02-19T08:45:00Z,PT41S,760186,28694,95
à¶…à·ƒà¶±à·“à¶´à·€ à·ƒà·’à¶§à·’ à·„à¶¯à·€à¶­à·š à¶œà·à¶ºà¶šà¶ºà·à¶œà·š à·ƒà·”à·€à¶¯à·”à¶šà·Š à¶¶à·à¶½à·“à¶¸à¶§ à¶œà·’à¶º à·ƒà¶¢à·’à¶­à·Š à¶´à·Šâ€à¶»à·šà¶¸à¶¯à·à·ƒ ğŸ˜ #shorts,2024-02-16T15:25:22Z,PT17S,751442,26897,891
mr.à¶šà·œà¶­à·Šà¶­à·” à¶šà¶±à·Šà¶± à·ƒà¶½à·Šà¶½à·’ à·„à·œà¶ºà¶± à¶šà·œà¶½à·Šà¶½à· ğŸ¥º â¤ ğŸ™ #viral #food #trending #cooking #india #srilanka #koththu,2024-02-16T06:20:46Z,PT1M,797394,44487,512
MEMES I SENT MYSELF ğŸ¤£ #192,2024-02-10T13:00:04Z,PT1M,716362,97989,279
Best Ever Black Forest Cake!,2024-02-16T11:50:00Z,PT58S,731736,72924,210
Jaanu | Episode 253 - (2024-02-13) | ITN,2024-02-13T14:33:03Z,PT18M35S,643811,14995,766
Dosa and chammanthi is an emotion #indian #indianbreakfast #yummy #tastybreakfastrecipe #tasty,2024-02-19T09:44:43Z,PT1M1S,655813,64658,127
"Ilakkiya Serial Shorts | Ep 409 - 5 | Hima Bindhu, Nandhan, Sushma Nair |  #ytshorts #shorts",2024-02-06T12:30:13Z,PT58S,649762,12407,20
Jump To Heaven ğŸ¤ğŸ¤£ğŸ’€ Real Granny ğŸ‘©â€ğŸ¦³,2024-02-09T11:58:10Z,PT1M,643111,32573,360
Ne ena samathanam panaratha pathalay inum love adhigamaâ¤ï¸ #love #feb14 #trending #yt #serial #shorts,2024-02-13T12:30:24Z,PT59S,633679,55836,136
à¶­à¶±à·’à¶šà¶©à¶ºà¶±à·Šà¶œà·š Valentine - Glow & Lovely Valentine With Rangana | Rangana De Silva YouTube Channel,2024-02-12T11:30:18Z,PT3H31M52S,642459,13929,781
à¶ºà·à¶´à¶±à·šà¶§ à¶†à·€ à¶‰à¶±à·Šà¶¯à·“à¶º à·ƒà·”à¶´à·’à¶»à·’ à¶±à·’à¶½à·’ à¶­à¶¸à¶±à·Šà¶±à· ğŸ˜ğŸ’“. à¶…à¶±à·Šà¶­à·’à¶¸ à·€à·™à¶±à¶šà¶±à·Š à¶¶à¶½à¶±à·ŠğŸ¥°â¤. Tamannaah Bhatia jafna,2024-02-12T05:37:46Z,PT14S,635895,18963,187
Life la again nadipen ninaikala! | #Shorts #LalSalaamAudiolaunch #Superstarrajinikanth | Sun TV,2024-02-06T12:10:16Z,PT33S,631110,19955,46
Jaanu | Episode 256 - (2024-02-16) | ITN,2024-02-16T14:30:09Z,PT16M37S,630301,14617,588
Labandi Komaliya (à¶½à¶¶à·à¶³à·’ à¶šà·œà¶¸à·…à·’à¶ºà·) - Bathiya & Santhush ft. Randhir Official Music Video,2024-02-08T11:30:00Z,PT3M43S,637004,23494,1590
"""à¶½à·€à¶±à·Š à¶…à¶ºà·’à¶ºà· à¶¸à¶§  à·„à¶¸à·”à·€à·”à¶«à·š à¶½à·€à¶±à·Š à¶…à¶ºà·’à¶ºà·à¶œà·™ à·à· à¶‘à¶šà¶šà¶§ à¶œà·’à·„à·’à¶±à·Š ğŸ’ğŸ’ƒ à¶‘à¶¯à· à¶­à¶¸à· à¶¸à¶§ à¶½à·€à¶±à·Š à¶…à¶ºà·’à¶ºà· à¶œà·à¶± à¶†à¶¯à¶»à¶ºà¶šà·Š à¶‡à¶­à·’à·€à·”à¶«à·š""",2024-02-11T15:54:52Z,PT18S,612304,18265,
KOLAM KUTTAMA || Episode 398 || à¶šà·à¶½à¶¸à·Š à¶šà·”à¶§à·Šà¶§à¶¸ ||  13th February 2024,2024-02-13T16:15:00Z,PT21M28S,610908,8211,367
à·„à·šà¶¸à·à¶½à·Š Car à¶‘à¶šà·™à¶±à·Š à¶¶à·à·„à·à¶½à· à¶‘à¶± à¶œà·à¶¸à·Šà¶¸... ğŸ˜ğŸ”¥Hemal Ranasinghe in Sihinayaki Adare - Kasi Saban Pena song,2024-02-09T05:30:17Z,PT25S,628248,30522,293
Drawing Muscles in Different Levels,2024-02-07T13:00:08Z,PT45S,610421,27779,288
I love you Tinku ğŸ«¶ğŸ½ğŸ˜˜@Vasanth.Dancer @nishita1962 #jamalkudu #trending #viral #couple #shorts,2024-02-16T03:32:50Z,PT52S,611258,26495,156
à®¨à®Ÿà®¿à®•à¯ˆ à®°à®¾à®¤à®¿à®•à®¾à®µà®¿à®©à¯ à®¤à®™à¯à®•à¯ˆà®¯à®¿à®©à¯ à®µà®¾à®´à¯à®•à¯à®•à¯ˆà®¯à®¿à®²à¯ à®à®±à¯à®ªà®Ÿà¯à®Ÿ à®®à®¾à®±à¯à®±à®®à¯ - à®¨à®¿à®°à¯‹à®·à®¾ #nirosha #rajini lalsalam #newmovie,2024-02-09T07:32:12Z,PT57S,602946,7478,5
Instances when you should lie,2024-02-14T19:15:01Z,PT21S,593596,33480,65
à¶¸à·š à¶¸à¶œà·š à·€à·à¶½à¶±à·Šà¶§à¶ºà·’à¶±à·Š à¶­à¶¸à¶ºà·’ ğŸ‘¼ğŸ‘¼à¶¶à·”à·€à·’à¶±à·’ à¶¯à·’à¶ºà¶½à¶œà·œà¶©à¶œà·™ à¶´à·à¶§à·€à·” à¶¯à·™à¶±à·Šà¶±à· à·„à¶»à·’à¶¸ à·„à·”à¶»à¶­à¶½à·Š ğŸ’ğŸ˜ Buvini diyalagoda,2024-02-14T16:36:26Z,PT11S,593179,17587,143
Ice vs Fire mermaid crazy food challengeğŸ”¥ğŸ§œâ€â™€ï¸ğŸ§Š | Toca life story #shorts,2024-02-17T16:30:08Z,PT33S,600938,24007,36
à¶‹à¶œà¶±à·Šà·€à¶´à·” à¶¯à·š à¶‘à¶ºà·à¶½ à¶†à·ƒà·à·€à·™à¶±à·Š à¶šà¶»à¶±à·€à· à¶¶à¶½à¶±à·Š à¶‰à¶±à·Šà¶±à·€ à¶­à¶»à¶¸à·Š à¶¯à·™à¶ºà¶šà·Š à¶±à·‘ à¶‰à¶­à·’à¶±à·Š à¶¸à¶§ â™¥ï¸ #hemalranasinghe #sallisabanpena,2024-02-11T19:22:42Z,PT27S,587406,22104,66
100K SUBSCRIBERS âœ¨ğŸ‰ #subscribers #100k #princy #princyplanet #trending #youtubeshorts #family,2024-02-12T13:48:17Z,PT58S,572363,61059,347
Best Butter Chicken Ever!,2024-02-09T13:15:39Z,PT54S,571128,56853,155
ğŸ’¥à®à®™à¯à®• à®°à¯Šà®®à¯à®ª à®¨à®¾à®³à¯ à®•à®©à®µà¯ğŸ˜ à®¨à®¿à®±à¯ˆà®µà¯‡à®±à®¿à®¯à®¤à¯ğŸ¤” Full Video SoonğŸ‘ğŸ’¯ #shorts #youtubeshorts #emotional #viral,2024-02-10T14:46:39Z,PT50S,565263,25493,70
à·€à·à¶½à¶±à·Šà¶§à¶ºà·’à¶±à·Š à¶´à·à¶§à·’à¶ºà·š à¶œà·à¶ºà·”à¶±à·” à¶œà¶¸à·š à¶½à·ƒà·Šà·ƒà¶±à¶¸ à¶½à·šà¶½à·“ ğŸ’ğŸ‰ï¸ piyath rajapakse |  bandimu suda #valentine,2024-02-13T09:06:20Z,PT23S,573823,17554,
Ennoda 2 mother Aishwarya | #Shorts #LalSalaamAudiolaunch #Superstarrajinikanth | Sun TV,2024-02-06T11:45:02Z,PT56S,561379,25617,86
I think I like the British ones better. ğŸ˜‚ğŸ‡¬ğŸ‡§ #ukvsusa #britishvsamerican #britishhumour #valentine,2024-02-09T16:48:49Z,PT59S,559691,36286,590
SALLI POKURU || EPISODE 160 || à·ƒà¶½à·Šà¶½à·’ à¶´à·œà¶šà·”à¶»à·” || 15th February 2024,2024-02-15T15:30:06Z,PT23M49S,552970,13445,549
Crazy mermaid food challenge ğŸ§œâ€â™€ï¸ğŸ˜œğŸ©· | Toca life story #shorts #tocaboca,2024-02-15T04:30:13Z,PT31S,547645,21516,37
à¶’ à¶šà·œà¶½à·Šà¶½à¶œà·™ à¶’ à¶†à·ƒà·à·€ ğŸ¥ºğŸ¥ºğŸ¥ºâ¤ #trending #srilanka #cooking #india #viral #pakistan #watalappam,2024-02-09T07:21:51Z,PT1M1S,563579,35014,387
SALLI POKURU || EPISODE 159 || à·ƒà¶½à·Šà¶½à·’ à¶´à·œà¶šà·”à¶»à·” || 14th February 2024,2024-02-14T15:30:10Z,PT24M,542749,11862,382
ğŸ‘·ğŸ½â€â™‚ï¸An ordinary day at an ordinary construction siteğŸ‘·ğŸ½â€â™‚ï¸ĞĞ±Ñ‹Ñ‡Ğ½Ñ‹Ğ¹ Ğ´ĞµĞ½ÑŒ Ğ½Ğ° Ğ¾Ğ±Ñ‹Ñ‡Ğ½Ğ¾Ğ¹ ÑÑ‚Ñ€Ğ¾Ğ¹ĞºĞµ,2024-02-13T09:00:39Z,PT30S,543429,15743,42
LALAI LILAI LAI || EPISODE 02 || à¶½à¶½à¶ºà·’ à¶½à·’à¶½à¶ºà·’ à¶½à¶ºà·’ || 14th February 2024,2024-02-14T15:30:00Z,PT23M3S,538446,11645,348
Deweni Inima (à¶¯à·™à·€à·™à¶±à·’ à¶‰à¶±à·’à¶¸) | Season 02 | Episode 93 | 14th February 2024,2024-02-14T15:30:09Z,PT20M29S,530046,15689,299
Sansarini - à·ƒà¶‚à·ƒà·à¶»à·’à¶«à·“ | Episode 241 | 2024-02-13 | Hiru TV,2024-02-13T16:00:10Z,PT20M29S,516344,14723,953
Kiya Denna Adare Tharam (à¶šà·’à¶ºà· à¶¯à·™à¶±à·Šà¶± à¶†à¶¯à¶»à·š à¶­à¶»à¶¸à·Š) | Episode 699 | 16th February 2024 | Sirasa TV,2024-02-16T15:00:11Z,PT18M11S,536159,9947,478
Deweni Inima (à¶¯à·™à·€à·™à¶±à·’ à¶‰à¶±à·’à¶¸) | Season 02 | Episode 94 | 15th February 2024,2024-02-15T15:30:09Z,PT21M54S,512705,15349,408
Bi Huzur Versen Yeter ya ğŸ¤£#shorts,2024-02-19T14:33:24Z,PT14S,514978,10587,145
Deweni Inima (à¶¯à·™à·€à·™à¶±à·’ à¶‰à¶±à·’à¶¸) | Season 02 | Episode 91 | 12th February 2024,2024-02-12T15:30:11Z,PT19M15S,507478,14371,180
Rich man gives poor girl a choice her story make us cry,2024-02-11T23:58:24Z,PT28S,503955,24400,199
KOLAM KUTTAMA || Episode 399 || à¶šà·à¶½à¶¸à·Š à¶šà·”à¶§à·Šà¶§à¶¸ ||  15th February 2024,2024-02-15T16:15:01Z,PT21M29S,503597,7957,716
My Ex love 2024 Joe love Vijay  à®…à®µ à®à®©à¯à®©à¯‹à®Ÿ à®ªà¯Šà®£à¯à®£à¯ à®®à®¾à®±à®¿ â£ï¸ğŸ©·#loversdayspecial #february14  #motherslove,2024-02-15T11:32:45Z,PT1M,505457,46850,64
ãƒ¢ãƒ³ã‚¹ã‚¿ãƒ¼ãƒœãƒ¼ãƒ«ã®åŠ¹æœã‚ã‚“ã¾è¦šãˆã¦ãªã„ã‚„ã¤ã€ã‚¢ãƒ‹ãƒ¡ã€‘,2024-02-19T09:30:02Z,PT37S,515968,14571,84
Deweni Inima (à¶¯à·™à·€à·™à¶±à·’ à¶‰à¶±à·’à¶¸) | Season 02 | Episode 95 | 16th February 2024,2024-02-16T15:30:11Z,PT20M21S,508378,15452,334
Like Krdo PlzğŸ™ #trending #shortvideo #youtubeshorts #youtube,2024-02-19T12:40:59Z,PT1M,537874,26828,36
"Wires grew in the boy's teeth, and they soon covered the room.#viral #shorts",2024-02-13T14:06:59Z,PT59S,527895,24044,77
SALLI POKURU || EPISODE 158 || à·ƒà¶½à·Šà¶½à·’ à¶´à·œà¶šà·”à¶»à·” || 13th February 2024,2024-02-13T15:30:00Z,PT23M44S,500692,11148,369
Chibi chibi chupa chopa. #cat #cats #explore #music #shorts,2024-02-19T15:15:02Z,PT6S,516987,22887,122
SALLI POKURU || EPISODE 161 || à·ƒà¶½à·Šà¶½à·’ à¶´à·œà¶šà·”à¶»à·” || 16th February 2024,2024-02-16T15:30:01Z,PT23M40S,506195,11411,570
Kiya Denna Adare Tharam (à¶šà·’à¶ºà· à¶¯à·™à¶±à·Šà¶± à¶†à¶¯à¶»à·š à¶­à¶»à¶¸à·Š) | Episode 698 | 15th February 2024 | Sirasa TV,2024-02-15T15:00:07Z,PT18M14S,491378,7955,541
à¤¦à¤°à¥à¤¦ à¤¬à¤¾à¤à¤Ÿ à¤²à¥‡à¤‚à¤—à¥‡ à¤¹à¤® â¤ï¸ğŸ§¿ à¤®à¥‡à¤°à¥€ à¤œà¤¾à¤¨ ğŸ˜˜,2024-02-19T10:04:14Z,PT26S,486819,24760,144
Best Ever Strawberry Sago,2024-02-08T12:12:04Z,PT34S,667117,55196,115
Aswin ah Asaika Mudiyaathu!ğŸ”¥ğŸ’¯ - Challenge No.322ğŸ˜â¤ï¸ #shorts,2024-02-13T14:15:47Z,PT41S,644982,54673,58
Jaanu | Episode 254 - (2024-02-14) | ITN,2024-02-14T14:35:23Z,PT18M34S,644955,15242,662
Men will be Men  #youtubeshorts #umangkatyal #shorts,2024-02-08T06:00:10Z,PT31S,666884,23077,19
HATED kid Gets REVENGE On ABUSIVE Step-Dad In Roblox Brookhaven RP #roblox #brookhaven,2024-02-18T23:28:56Z,PT57S,644646,79075,518
Jaanu | Episode 253 - (2024-02-13) | ITN,2024-02-13T14:33:03Z,PT18M35S,643811,14995,766
à®’à®°à¯ E-Cigarette 500 Cigarette à®šà®®à®®à¯! #cancer #smoking #cigratte #ibctamil #ecigarettes,2024-02-10T16:30:07Z,PT58S,662224,20506,149
"Ilakkiya Serial Shorts | Ep 409 - 5 | Hima Bindhu, Nandhan, Sushma Nair |  #ytshorts #shorts",2024-02-06T12:30:13Z,PT58S,649762,12407,20
Micheal Jacksonâ€™s daughter Paris Jackson at Grammy Awards 2024 #michaeljackson #parisjackson #grammy,2024-02-07T00:54:59Z,PT16S,694465,14477,527
à¶­à¶±à·’à¶šà¶©à¶ºà¶±à·Šà¶œà·š Valentine - Glow & Lovely Valentine With Rangana | Rangana De Silva YouTube Channel,2024-02-12T11:30:18Z,PT3H31M52S,642459,13929,781
Ne ena samathanam panaratha pathalay inum love adhigamaâ¤ï¸ #love #feb14 #trending #yt #serial #shorts,2024-02-13T12:30:24Z,PT59S,633679,55836,136
Jump To Heaven ğŸ¤ğŸ¤£ğŸ’€ Real Granny ğŸ‘©â€ğŸ¦³,2024-02-09T11:58:10Z,PT1M,643111,32573,360
Jaanu | Episode 256 - (2024-02-16) | ITN,2024-02-16T14:30:09Z,PT16M37S,630301,14617,588
à¶”à¶ºà· à¶†à·ƒà¶¸ à¶œà·à¶ºà¶šà¶ºà· à¶šà·€à·”à¶¯ à¶šà·’à¶ºà¶±à·Šà¶± ğŸ¥ºğŸ˜˜ğŸ˜ #trending #tiktok #viral #live #song #shorts,2024-02-15T13:34:21Z,PT16S,673515,16310,677
à¶ºà·à¶´à¶±à·šà¶§ à¶†à·€ à¶‰à¶±à·Šà¶¯à·“à¶º à·ƒà·”à¶´à·’à¶»à·’ à¶±à·’à¶½à·’ à¶­à¶¸à¶±à·Šà¶±à· ğŸ˜ğŸ’“. à¶…à¶±à·Šà¶­à·’à¶¸ à·€à·™à¶±à¶šà¶±à·Š à¶¶à¶½à¶±à·ŠğŸ¥°â¤. Tamannaah Bhatia jafna,2024-02-12T05:37:46Z,PT14S,635895,18963,187
Life la again nadipen ninaikala! | #Shorts #LalSalaamAudiolaunch #Superstarrajinikanth | Sun TV,2024-02-06T12:10:16Z,PT33S,631110,19955,46
Labandi Komaliya (à¶½à¶¶à·à¶³à·’ à¶šà·œà¶¸à·…à·’à¶ºà·) - Bathiya & Santhush ft. Randhir Official Music Video,2024-02-08T11:30:00Z,PT3M43S,637004,23494,1590
KOLAM KUTTAMA || Episode 398 || à¶šà·à¶½à¶¸à·Š à¶šà·”à¶§à·Šà¶§à¶¸ ||  13th February 2024,2024-02-13T16:15:00Z,PT21M28S,610908,8211,367
"""à¶½à·€à¶±à·Š à¶…à¶ºà·’à¶ºà· à¶¸à¶§  à·„à¶¸à·”à·€à·”à¶«à·š à¶½à·€à¶±à·Š à¶…à¶ºà·’à¶ºà·à¶œà·™ à·à· à¶‘à¶šà¶šà¶§ à¶œà·’à·„à·’à¶±à·Š ğŸ’ğŸ’ƒ à¶‘à¶¯à· à¶­à¶¸à· à¶¸à¶§ à¶½à·€à¶±à·Š à¶…à¶ºà·’à¶ºà· à¶œà·à¶± à¶†à¶¯à¶»à¶ºà¶šà·Š à¶‡à¶­à·’à·€à·”à¶«à·š""",2024-02-11T15:54:52Z,PT18S,612304,18265,
à·„à·šà¶¸à·à¶½à·Š Car à¶‘à¶šà·™à¶±à·Š à¶¶à·à·„à·à¶½à· à¶‘à¶± à¶œà·à¶¸à·Šà¶¸... ğŸ˜ğŸ”¥Hemal Ranasinghe in Sihinayaki Adare - Kasi Saban Pena song,2024-02-09T05:30:17Z,PT25S,628248,30522,293
They Were ğŸ˜²Looking For A Worm In The CandyğŸ¤ª,2024-02-19T15:36:24Z,PT39S,617345,14062,19
ISSEI funny video ğŸ˜‚ğŸ˜‚ğŸ˜‚ Comedy Meme Remix,2024-02-19T11:00:23Z,PT55S,621134,61643,51
Drawing Muscles in Different Levels,2024-02-07T13:00:08Z,PT45S,610421,27779,288
I love you Tinku ğŸ«¶ğŸ½ğŸ˜˜@Vasanth.Dancer @nishita1962 #jamalkudu #trending #viral #couple #shorts,2024-02-16T03:32:50Z,PT52S,611258,26495,156
à¶‹à¶œà¶±à·Šà·€à¶´à·” à¶¯à·š à¶‘à¶ºà·à¶½ à¶†à·ƒà·à·€à·™à¶±à·Š à¶šà¶»à¶±à·€à· à¶¶à¶½à¶±à·Š à¶‰à¶±à·Šà¶±à·€ à¶­à¶»à¶¸à·Š à¶¯à·™à¶ºà¶šà·Š à¶±à·‘ à¶‰à¶­à·’à¶±à·Š à¶¸à¶§ â™¥ï¸ #hemalranasinghe #sallisabanpena,2024-02-11T19:22:42Z,PT27S,587406,22104,66
Instances when you should lie,2024-02-14T19:15:01Z,PT21S,593596,33480,65
Grapes ğŸ‡ Jam l Black Grape Jam Recipe #shorts,2024-02-15T12:30:12Z,PT54S,1710356,43211,40
100K SUBSCRIBERS âœ¨ğŸ‰ #subscribers #100k #princy #princyplanet #trending #youtubeshorts #family,2024-02-12T13:48:17Z,PT58S,572363,61059,347
Best Butter Chicken Ever!,2024-02-09T13:15:39Z,PT54S,571128,56853,155
Ennoda 2 mother Aishwarya | #Shorts #LalSalaamAudiolaunch #Superstarrajinikanth | Sun TV,2024-02-06T11:45:02Z,PT56S,561379,25617,86
à¶¸à·š à¶¸à¶œà·š à·€à·à¶½à¶±à·Šà¶§à¶ºà·’à¶±à·Š à¶­à¶¸à¶ºà·’ ğŸ‘¼ğŸ‘¼à¶¶à·”à·€à·’à¶±à·’ à¶¯à·’à¶ºà¶½à¶œà·œà¶©à¶œà·™ à¶´à·à¶§à·€à·” à¶¯à·™à¶±à·Šà¶±à· à·„à¶»à·’à¶¸ à·„à·”à¶»à¶­à¶½à·Š ğŸ’ğŸ˜ Buvini diyalagoda,2024-02-14T16:36:26Z,PT11S,593179,17587,143
à·€à·à¶½à¶±à·Šà¶§à¶ºà·’à¶±à·Š à¶´à·à¶§à·’à¶ºà·š à¶œà·à¶ºà·”à¶±à·” à¶œà¶¸à·š à¶½à·ƒà·Šà·ƒà¶±à¶¸ à¶½à·šà¶½à·“ ğŸ’ğŸ‰ï¸ piyath rajapakse |  bandimu suda #valentine,2024-02-13T09:06:20Z,PT23S,573823,17554,
SALLI POKURU || EPISODE 160 || à·ƒà¶½à·Šà¶½à·’ à¶´à·œà¶šà·”à¶»à·” || 15th February 2024,2024-02-15T15:30:06Z,PT23M49S,552970,13445,549
I think I like the British ones better. ğŸ˜‚ğŸ‡¬ğŸ‡§ #ukvsusa #britishvsamerican #britishhumour #valentine,2024-02-09T16:48:49Z,PT59S,559691,36286,590
Crazy mermaid food challenge ğŸ§œâ€â™€ï¸ğŸ˜œğŸ©· | Toca life story #shorts #tocaboca,2024-02-15T04:30:13Z,PT31S,547645,21516,37
SALLI POKURU || EPISODE 159 || à·ƒà¶½à·Šà¶½à·’ à¶´à·œà¶šà·”à¶»à·” || 14th February 2024,2024-02-14T15:30:10Z,PT24M,542749,11862,382
à¶’ à¶šà·œà¶½à·Šà¶½à¶œà·™ à¶’ à¶†à·ƒà·à·€ ğŸ¥ºğŸ¥ºğŸ¥ºâ¤ #trending #srilanka #cooking #india #viral #pakistan #watalappam,2024-02-09T07:21:51Z,PT1M1S,563579,35014,387
ğŸ‘·ğŸ½â€â™‚ï¸An ordinary day at an ordinary construction siteğŸ‘·ğŸ½â€â™‚ï¸ĞĞ±Ñ‹Ñ‡Ğ½Ñ‹Ğ¹ Ğ´ĞµĞ½ÑŒ Ğ½Ğ° Ğ¾Ğ±Ñ‹Ñ‡Ğ½Ğ¾Ğ¹ ÑÑ‚Ñ€Ğ¾Ğ¹ĞºĞµ,2024-02-13T09:00:39Z,PT30S,543429,15743,42
Ice vs Fire mermaid crazy food challengeğŸ”¥ğŸ§œâ€â™€ï¸ğŸ§Š | Toca life story #shorts,2024-02-17T16:30:08Z,PT33S,600938,24007,36
Deweni Inima (à¶¯à·™à·€à·™à¶±à·’ à¶‰à¶±à·’à¶¸) | Season 02 | Episode 93 | 14th February 2024,2024-02-14T15:30:09Z,PT20M29S,530046,15689,299
LALAI LILAI LAI || EPISODE 02 || à¶½à¶½à¶ºà·’ à¶½à·’à¶½à¶ºà·’ à¶½à¶ºà·’ || 14th February 2024,2024-02-14T15:30:00Z,PT23M3S,538446,11645,348
chelli vs cheliya part 2 | ashok vibes | Telugu comedy shorts | like and subscribe #comedy #funny,2024-02-19T12:56:56Z,PT40S,547695,45476,73
Sansarini - à·ƒà¶‚à·ƒà·à¶»à·’à¶«à·“ | Episode 241 | 2024-02-13 | Hiru TV,2024-02-13T16:00:10Z,PT20M29S,516344,14723,953
Kiya Denna Adare Tharam (à¶šà·’à¶ºà· à¶¯à·™à¶±à·Šà¶± à¶†à¶¯à¶»à·š à¶­à¶»à¶¸à·Š) | Episode 699 | 16th February 2024 | Sirasa TV,2024-02-16T15:00:11Z,PT18M11S,536159,9947,478
Deweni Inima (à¶¯à·™à·€à·™à¶±à·’ à¶‰à¶±à·’à¶¸) | Season 02 | Episode 94 | 15th February 2024,2024-02-15T15:30:09Z,PT21M54S,512705,15349,408
à´¤àµà´£à´¿à´•àµà´•à´Ÿ actingğŸ¤ª,2024-02-19T10:51:00Z,PT59S,506917,54264,107
Deweni Inima (à¶¯à·™à·€à·™à¶±à·’ à¶‰à¶±à·’à¶¸) | Season 02 | Episode 95 | 16th February 2024,2024-02-16T15:30:11Z,PT20M21S,508378,15452,334
Rich man gives poor girl a choice her story make us cry,2024-02-11T23:58:24Z,PT28S,503955,24400,199
My Ex love 2024 Joe love Vijay  à®…à®µ à®à®©à¯à®©à¯‹à®Ÿ à®ªà¯Šà®£à¯à®£à¯ à®®à®¾à®±à®¿ â£ï¸ğŸ©·#loversdayspecial #february14  #motherslove,2024-02-15T11:32:45Z,PT1M,505457,46850,64
SALLI POKURU || EPISODE 158 || à·ƒà¶½à·Šà¶½à·’ à¶´à·œà¶šà·”à¶»à·” || 13th February 2024,2024-02-13T15:30:00Z,PT23M44S,500692,11148,369
Jaanu | Episode 255 - (2024-02-15) | ITN,2024-02-15T14:40:11Z,PT18M12S,680265,16897,1071
à¶œà¶¸à·š à¶½à·ƒà·Šà·ƒà¶±à¶¸ à¶¶à·‘à¶«à¶§ à¶‹à¶ºà¶±à·Šà¶±à¶­à·Š à¶´à·”à¶½à·”à·€à¶±à·Š à¶‹à¶±à·à¶¸ ğŸ™‚ #ramen #howtomake,2024-02-10T06:14:45Z,PT58S,718464,23344,121
Micheal Jacksonâ€™s daughter Paris Jackson at Grammy Awards 2024 #michaeljackson #parisjackson #grammy,2024-02-07T00:54:59Z,PT16S,694465,14477,527
Harjas Singh and Harkirat Bajwa's take on the thigh five #cricket #cricketshorts,2024-02-12T00:32:28Z,PT14S,664616,28191,1072
ğŸ’¥ğŸ’– ex lover call me today torture ğŸ˜¡â—ï¸â“#entertainment #comedy #trending #shorts #rajmindvoice,2024-02-12T14:37:04Z,PT1M,654668,,610
Men will be Men  #youtubeshorts #umangkatyal #shorts,2024-02-08T06:00:10Z,PT31S,666884,23077,19
Neenga ipadi pannirukeengala?ğŸ˜‚ğŸ”¥ #tamilcomedy #schoolmemories #shorts,2024-02-11T15:08:21Z,PT35S,652726,36348,75
Best Ever Strawberry Sago,2024-02-08T12:12:04Z,PT34S,667117,55196,115
à¶”à¶ºà· à¶†à·ƒà¶¸ à¶œà·à¶ºà¶šà¶ºà· à¶šà·€à·”à¶¯ à¶šà·’à¶ºà¶±à·Šà¶± ğŸ¥ºğŸ˜˜ğŸ˜ #trending #tiktok #viral #live #song #shorts,2024-02-15T13:34:21Z,PT16S,673515,16310,677
à®’à®°à¯ E-Cigarette 500 Cigarette à®šà®®à®®à¯! #cancer #smoking #cigratte #ibctamil #ecigarettes,2024-02-10T16:30:07Z,PT58S,662224,20506,149
Aswin ah Asaika Mudiyaathu!ğŸ”¥ğŸ’¯ - Challenge No.322ğŸ˜â¤ï¸ #shorts,2024-02-13T14:15:47Z,PT41S,644982,54673,58
Jaanu | Episode 254 - (2024-02-14) | ITN,2024-02-14T14:35:23Z,PT18M34S,644955,15242,662
Jaanu | Episode 253 - (2024-02-13) | ITN,2024-02-13T14:33:03Z,PT18M35S,643811,14995,766
"Ilakkiya Serial Shorts | Ep 409 - 5 | Hima Bindhu, Nandhan, Sushma Nair |  #ytshorts #shorts",2024-02-06T12:30:13Z,PT58S,649762,12407,20
Ne ena samathanam panaratha pathalay inum love adhigamaâ¤ï¸ #love #feb14 #trending #yt #serial #shorts,2024-02-13T12:30:24Z,PT59S,633679,55836,136
à¤¸à¤¾à¤¸ à¤¬à¤¹à¥‚ à¤•à¥€ à¤²à¤¡à¤¼à¤¾à¤ˆ ğŸ˜… #comedy,2024-02-19T04:49:55Z,PT24S,646638,48685,520
Life la again nadipen ninaikala! | #Shorts #LalSalaamAudiolaunch #Superstarrajinikanth | Sun TV,2024-02-06T12:10:16Z,PT33S,631110,19955,46
Jaanu | Episode 256 - (2024-02-16) | ITN,2024-02-16T14:30:09Z,PT16M37S,630301,14617,588
Labandi Komaliya (à¶½à¶¶à·à¶³à·’ à¶šà·œà¶¸à·…à·’à¶ºà·) - Bathiya & Santhush ft. Randhir Official Music Video,2024-02-08T11:30:00Z,PT3M43S,637004,23494,1590
Yeh Rishta Kya Kehlata Promo | 20th February 2024,2024-02-20T02:33:27Z,PT31S,673357,6768,222
KOLAM KUTTAMA || Episode 398 || à¶šà·à¶½à¶¸à·Š à¶šà·”à¶§à·Šà¶§à¶¸ ||  13th February 2024,2024-02-13T16:15:00Z,PT21M28S,610908,8211,367
Drawing Muscles in Different Levels,2024-02-07T13:00:08Z,PT45S,610421,27779,288
I love you Tinku ğŸ«¶ğŸ½ğŸ˜˜@Vasanth.Dancer @nishita1962 #jamalkudu #trending #viral #couple #shorts,2024-02-16T03:32:50Z,PT52S,611258,26494,156
Instances when you should lie,2024-02-14T19:15:01Z,PT21S,593596,33480,65
à¶¸à·š à¶¸à¶œà·š à·€à·à¶½à¶±à·Šà¶§à¶ºà·’à¶±à·Š à¶­à¶¸à¶ºà·’ ğŸ‘¼ğŸ‘¼à¶¶à·”à·€à·’à¶±à·’ à¶¯à·’à¶ºà¶½à¶œà·œà¶©à¶œà·™ à¶´à·à¶§à·€à·” à¶¯à·™à¶±à·Šà¶±à· à·„à¶»à·’à¶¸ à·„à·”à¶»à¶­à¶½à·Š ğŸ’ğŸ˜ Buvini diyalagoda,2024-02-14T16:36:26Z,PT11S,593179,17587,143
Ice vs Fire mermaid crazy food challengeğŸ”¥ğŸ§œâ€â™€ï¸ğŸ§Š | Toca life story #shorts,2024-02-17T16:30:08Z,PT33S,600938,24007,36
à¶‹à¶œà¶±à·Šà·€à¶´à·” à¶¯à·š à¶‘à¶ºà·à¶½ à¶†à·ƒà·à·€à·™à¶±à·Š à¶šà¶»à¶±à·€à· à¶¶à¶½à¶±à·Š à¶‰à¶±à·Šà¶±à·€ à¶­à¶»à¶¸à·Š à¶¯à·™à¶ºà¶šà·Š à¶±à·‘ à¶‰à¶­à·’à¶±à·Š à¶¸à¶§ â™¥ï¸ #hemalranasinghe #sallisabanpena,2024-02-11T19:22:42Z,PT27S,587406,22104,66
à°¤à±†à°²à±à°¸à±à°•à±Š à°®à°¿à°¤à±à°°à°®à°¾ ğŸ’– PART_10 ğŸ˜ #ramanarock #srikakulam #valentines #valentiesday,2024-02-19T13:49:19Z,PT1M,576642,78242,176
Best Butter Chicken Ever!,2024-02-09T13:15:39Z,PT54S,571128,56853,155
à·€à·à¶½à¶±à·Šà¶§à¶ºà·’à¶±à·Š à¶´à·à¶§à·’à¶ºà·š à¶œà·à¶ºà·”à¶±à·” à¶œà¶¸à·š à¶½à·ƒà·Šà·ƒà¶±à¶¸ à¶½à·šà¶½à·“ ğŸ’ğŸ‰ï¸ piyath rajapakse |  bandimu suda #valentine,2024-02-13T09:06:20Z,PT23S,573823,17554,
Ennoda 2 mother Aishwarya | #Shorts #LalSalaamAudiolaunch #Superstarrajinikanth | Sun TV,2024-02-06T11:45:02Z,PT56S,561379,25617,86
SALLI POKURU || EPISODE 160 || à·ƒà¶½à·Šà¶½à·’ à¶´à·œà¶šà·”à¶»à·” || 15th February 2024,2024-02-15T15:30:06Z,PT23M49S,552970,13445,549
Crazy mermaid food challenge ğŸ§œâ€â™€ï¸ğŸ˜œğŸ©· | Toca life story #shorts #tocaboca,2024-02-15T04:30:13Z,PT31S,547645,21516,37
SALLI POKURU || EPISODE 159 || à·ƒà¶½à·Šà¶½à·’ à¶´à·œà¶šà·”à¶»à·” || 14th February 2024,2024-02-14T15:30:10Z,PT24M,542749,11862,382
ğŸ‘·ğŸ½â€â™‚ï¸An ordinary day at an ordinary construction siteğŸ‘·ğŸ½â€â™‚ï¸ĞĞ±Ñ‹Ñ‡Ğ½Ñ‹Ğ¹ Ğ´ĞµĞ½ÑŒ Ğ½Ğ° Ğ¾Ğ±Ñ‹Ñ‡Ğ½Ğ¾Ğ¹ ÑÑ‚Ñ€Ğ¾Ğ¹ĞºĞµ,2024-02-13T09:00:39Z,PT30S,543429,15743,42
LALAI LILAI LAI || EPISODE 02 || à¶½à¶½à¶ºà·’ à¶½à·’à¶½à¶ºà·’ à¶½à¶ºà·’ || 14th February 2024,2024-02-14T15:30:00Z,PT23M3S,538446,11645,348
Deweni Inima (à¶¯à·™à·€à·™à¶±à·’ à¶‰à¶±à·’à¶¸) | Season 02 | Episode 93 | 14th February 2024,2024-02-14T15:30:09Z,PT20M29S,530046,15689,299
chelli vs cheliya part 2 | ashok vibes | Telugu comedy shorts | like and subscribe #comedy #funny,2024-02-19T12:56:56Z,PT40S,547695,45476,73
Sansarini - à·ƒà¶‚à·ƒà·à¶»à·’à¶«à·“ | Episode 241 | 2024-02-13 | Hiru TV,2024-02-13T16:00:10Z,PT20M29S,516344,14723,953
Kiya Denna Adare Tharam (à¶šà·’à¶ºà· à¶¯à·™à¶±à·Šà¶± à¶†à¶¯à¶»à·š à¶­à¶»à¶¸à·Š) | Episode 699 | 16th February 2024 | Sirasa TV,2024-02-16T15:00:11Z,PT18M11S,536159,9947,478
Deweni Inima (à¶¯à·™à·€à·™à¶±à·’ à¶‰à¶±à·’à¶¸) | Season 02 | Episode 94 | 15th February 2024,2024-02-15T15:30:09Z,PT21M54S,512705,15349,408
KOLAM KUTTAMA || Episode 399 || à¶šà·à¶½à¶¸à·Š à¶šà·”à¶§à·Šà¶§à¶¸ ||  15th February 2024,2024-02-15T16:15:01Z,PT21M29S,503597,7957,716
My Ex love 2024 Joe love Vijay  à®…à®µ à®à®©à¯à®©à¯‹à®Ÿ à®ªà¯Šà®£à¯à®£à¯ à®®à®¾à®±à®¿ â£ï¸ğŸ©·#loversdayspecial #february14  #motherslove,2024-02-15T11:32:45Z,PT1M,505457,46850,64
Deweni Inima (à¶¯à·™à·€à·™à¶±à·’ à¶‰à¶±à·’à¶¸) | Season 02 | Episode 95 | 16th February 2024,2024-02-16T15:30:11Z,PT20M21S,508378,15452,334
Like Krdo PlzğŸ™ #trending #shortvideo #youtubeshorts #youtube,2024-02-19T12:40:59Z,PT1M,537874,26828,36
"Wires grew in the boy's teeth, and they soon covered the room.#viral #shorts",2024-02-13T14:06:59Z,PT59S,527895,24044,77
SALLI POKURU || EPISODE 158 || à·ƒà¶½à·Šà¶½à·’ à¶´à·œà¶šà·”à¶»à·” || 13th February 2024,2024-02-13T15:30:00Z,PT23M44S,500692,11148,369
SALLI POKURU || EPISODE 161 || à·ƒà¶½à·Šà¶½à·’ à¶´à·œà¶šà·”à¶»à·” || 16th February 2024,2024-02-16T15:30:01Z,PT23M40S,506195,11411,570
Kiya Denna Adare Tharam (à¶šà·’à¶ºà· à¶¯à·™à¶±à·Šà¶± à¶†à¶¯à¶»à·š à¶­à¶»à¶¸à·Š) | Episode 698 | 15th February 2024 | Sirasa TV,2024-02-15T15:00:07Z,PT18M14S,491378,7955,541
KOLAM KUTTAMA || Episode 400 || à¶šà·à¶½à¶¸à·Š à¶šà·”à¶§à·Šà¶§à¶¸ ||  16th February 2024,2024-02-16T16:15:00Z,PT20M46S,490860,7879,343
à¶¶à·œà¶½à·’à·€à·”à¶©à·Š à¶±à·’à·…à·’à¶ºà¶±à·Šà¶§ à·ƒà¶¸à·“à¶´ à¶´à·™à¶±à·”à¶¸à¶šà·Š à¶‡à¶­à·’ à¶…à¶´à·š à¶±à·’à·…à·’à¶ºà¶±à·Š ğŸ’¯â™¥ï¸ || Bollywood #srilanka #viral #trending #shorts,2024-02-12T06:37:56Z,PT13S,361534,11131,99
""" à·„à·à¶¸à·à¶¸ à¶´à·’à·ƒà·Šà·ƒà·” à·€à¶§à·Šà¶§à¶´à·” à·à¶±à·–à¶œà·š à¶…à¶½à·”à¶­à·Šà¶¸ à·€à·à¶©à·š à¶¶à¶½à¶±à·Šà¶±à¶šà· "" à·à¶±à·–à¶¯à·Šâ€à¶»à·’ à¶´à·Šâ€à¶»à·’à¶ºà·ƒà·à¶¯à·Š",2024-02-15T12:32:51Z,PT13S,382420,12071,88
Ğ”ĞĞ¯Ğ ĞĞ§ĞšĞ ĞĞ Ğ¡Ğ¦Ğ•ĞĞ•?? Ğ’ ĞšĞĞšĞĞ™ Ğ“ĞĞ ĞĞ” ĞŸĞ Ğ˜Ğ•Ğ¥ĞĞ¢Ğ¬ Ğ˜ Ğ¡ĞŸĞ•Ğ¢Ğ¬?,2024-02-19T16:02:39Z,PT32S,359156,30751,2396
Have You Ever Tried Cassava Chips?,2024-02-19T11:55:00Z,PT36S,355762,36112,111
23 à·„à·à·€à·’à¶»à·’à¶¯à·’ à¶­à¶»à·”à¶«à·’à¶ºà¶§ à·€à·™à¶©à·’ à¶­à·à¶¶à·“à¶¸à·š à¶­à·€à¶­à·Š CCTV à¶‘à·…à·’à¶ºà¶§,2024-02-12T09:00:57Z,PT4M18S,348200,3041,984
Closeup #BreakTheBarriers - The story of Aksha and Imesh,2024-02-09T17:31:22Z,PT3M5S,367495,105,10
à®•à®´à®Ÿà¯à®Ÿà®¿ à®¤à¯‚à®•à¯à®•à®¿à®ªà¯à®ªà¯‹à®Ÿà¯ PS5 Dualsense Edge Controller Unboxing,2024-02-14T15:14:57Z,PT1M,361026,37106,80
He Wakes up after being Dead for 12 Years #shorts #movie #viral,2024-02-10T13:30:19Z,PT1M,344218,15714,21
"Here's how to properly make velvet beans,which many people are afraid to eat.village kitchen recipe",2024-02-09T13:17:22Z,PT15M19S,343248,3639,376
Realistic Laser Door in Minecraft! #shorts,2024-02-13T06:57:48Z,PT49S,331608,15968,110
à·ƒà·Šà·€à·à¶¸à·’à¶œà·š à¶¶à·™à·„à·™à¶­  | Swamige Behetha | Siril Ayya,2024-02-17T11:05:56Z,PT15M56S,346010,16956,778
Handing Out Hats to Cold People!,2024-02-06T15:29:04Z,PT59S,340613,27097,450
Leaving with my psychopath grandma ğŸ‘µğŸ˜° | Toca life story #shorts,2024-02-16T16:30:05Z,PT39S,329314,17982,38
SUSUM RASTHIYADUWA || Episode 100 [ à¶…à·€à·ƒà·à¶± à¶šà·œà¶§à·ƒ ] || à·ƒà·”à·ƒà·”à¶¸à·Š à¶»à·ƒà·Šà¶­à·’à¶ºà·à¶¯à·”à·€ || 13th February  2024,2024-02-13T16:30:02Z,PT25M21S,326806,8510,2676
Ralla Weralata Adarei - à¶»à·à¶½à·Šà¶½ à·€à·™à¶»à·…à¶§ à¶†à¶¯à¶»à·™à¶ºà·’ | Episode 647 | 2024-02-13 | Hiru TV,2024-02-13T15:30:09Z,PT19M51S,323005,6065,357
à¶¸à·š à¶´à·à¶» à·€à·à¶½à¶±à·Šà¶§à¶ºà·’à¶±à·Š à¶‘à¶šà¶§ à¶¸à¶±à·Š ğŸ˜‚ğŸ˜‘#shaafm #shaafmlk #funny #tiktok #fypã‚·ã‚š #fypã‚·ã‚š,2024-02-11T08:10:33Z,PT1M1S,339010,10501,63
Enjoy Beautiful Nature Life ğŸ¥ğŸŠğŸ«ğŸ¥‘ğŸ’#515#shortvideo ğŸ’¥ #hadhik afağŸ¥°ğŸ˜,2024-02-10T12:30:41Z,PT24S,330907,11541,36
Everyoneâ€™s favorite mime,2024-02-14T11:11:14Z,PT20S,327694,11755,21
Guild Leader Ko Noob BolağŸ˜ˆ? #shorts #trending #freefire @RIOTFFOFFICIAL,2024-02-06T15:39:56Z,PT53S,340373,37129,295
Sad story of father and son ğŸ¥¹ğŸ‘»â¤ï¸ #shorts #humildade #ajuda #viral video #shorts,2024-02-15T09:00:22Z,PT1M,354064,13641,154
Story Behind Jersy Numbersâ€¼ï¸ğŸ¤¯ #cricket #cricketnews #cricketshorts #facts #viratkohli,2024-02-15T03:30:14Z,PT1M,327107,32771,59
A White Foreigner Becomes Black Panther?,2024-02-19T10:10:52Z,PT47S,309832,32158,326
à·à·’à·„à·à¶±à·Šà·€ à¶šà¶±à·Šà¶± à·„à¶¯à¶± à¶»à·ƒà·’à¶šà·à·€à·’à¶ºà·ğŸ˜ğŸ’“. à¶šà·œà¶½à¶¹à¶¯à·’ à·à·’à·„à·à¶±à·Šà¶§ à¶½à·à¶¶à·”à¶±à·” à¶†à¶¯à¶»à·š ğŸ¥°â¤ï¸. à¶…à¶±à·Šà¶­à·’à¶¸ à·€à·™à¶±à¶šà¶±à·Š à¶¶à¶½à¶±à·Šà¶±,2024-02-15T13:56:39Z,PT15S,338991,8082,259
Salena Nuwan (à·ƒà·à¶½à·™à¶±à· à¶±à·”à·€à¶±à·Š) | Episode 132 | 18th February 2024,2024-02-18T16:30:09Z,PT35M41S,325366,6676,366
"""Shouldn't mess with the OLD!""  #hilariousstories #funnystories",2024-02-11T14:30:36Z,PT1M,360030,41488,91
æ¹–å—çªç™¼ã€Œè§£æ”¾æ€æƒ³å¤§è¨è«–ã€é€šçŸ¥ï¼Œè¦å‡ºäº‹ï¼Ÿã€Œååª›å¤©èŠ±æ¿ã€è¶™å®‰å‰é›¢å¥‡èº«äº¡çš„å·§åˆå¤šï¼Œå¤§éœ‡çš„å¾µå…†ï¼Ÿï¼ˆæ–‡æ˜­è«‡å¤è«–ä»Š20240219ç¬¬1073æœŸï¼‰,2024-02-20T00:15:00Z,PT23M49S,309335,10909,398
Bengali Style Fish Curry,2024-02-12T12:11:47Z,PT48S,312662,30915,157
"Ilakkiya Serial | EP 387 Promo | Hima Bindhu, Nandhan, Sushma | #shorts #ytshorts #youtubeshorts",2024-02-14T15:31:00Z,PT18S,304586,9341,25
ğŸ”´ Stock Market Updates Live: à¤†à¤œ à¤•à¤¹à¤¾à¤‚ à¤•à¤°à¥‡à¤‚ à¤‡à¤¨à¥à¤µà¥‡à¤¸à¥à¤Ÿ| Business & Finance | 20 Feb  | Stock Market News,2024-02-20T01:19:28Z,P0D,300439,1878,0
à¶œà·“à¶­à·Šà¶¸à· à·„à¶¶à·’à¶ºà· à¶‘à¶šà·Šà¶š à·„à¶»à·’ à·„à¶»à·’à¶ºà¶§ à¶šà·’à¶ºà¶´à·” à¶½à·ƒà·Šà·ƒà¶±à¶¸ à¶œà·“à¶­à¶º  | Copy Chat ğ•ğ€ğ‹ğ„ğğ“ğˆğğ„ ğ’ğğ„ğ‚ğˆğ€ğ‹ with Glow and Lovely ğŸ’—,2024-02-12T04:44:39Z,PT1M,302992,6684,86
Korean style la Try pandriyaa?ğŸ™„ğŸ˜‚ wait for the endğŸ˜‚ #imsubu #tamilcomedy,2024-02-07T13:23:05Z,PT1M,300193,14507,86
à·ƒà·’à¶‚à¶¯à·”à·€ à¶šà·’à¶ºà¶¯à·Šà¶¯à·“ à¶¶à·’à¶»à·’à¶³ à¶±à¶§à·€à¶½à· à¶œà¶­à·Šà¶­à·” à¶…à·à·šà¶±à·Š... à¶šà·œà·„à·œà¶¸à¶¯ à¶’ Dance à¶‘à¶š  | Copy Chat,2024-02-19T04:50:31Z,PT58S,389838,19453,181
Divithura - à¶¯à·’à·€à·’à¶­à·”à¶»à· | Episode 732 | 2024-02-13  | Hiru TV,2024-02-13T15:00:11Z,PT20M12S,293381,4645,206
Ralla Weralata Adarei - à¶»à·à¶½à·Šà¶½ à·€à·™à¶»à·…à¶§ à¶†à¶¯à¶»à·™à¶ºà·’ | Episode 648 | 2024-02-14 | Hiru TV,2024-02-14T15:30:13Z,PT19M40S,295196,5405,284
à·„à¶¯à·€à¶­ à·ƒà¶‚à·€à·šà¶¯à·“ à·€à·™à¶± à¶­à·à¶­à·Šà¶­à¶œà·š à¶¸à¶­à¶š ğŸ¥ºâ¤ï¸,2024-02-03T16:02:00Z,PT52S,290462,16082,263
Calin à·„à·’à¶»à·” à¶¸à¶œà·š à¶†à¶¯à¶»à·š ğŸ’— - The Valentine Concert | 2024-02-14 | Hiru TV,2024-02-14T07:10:53Z,PT1H57M28S,288666,4465,581
Sl vs Afg 2nd T20 Sri Lanka vs Afganistan T20 live full match,2024-02-19T16:57:07Z,PT2H57M44S,287491,4044,24
perfect things part 5ï¸âƒ£2ï¸âƒ£|#shorts #fyp #viral,2024-02-06T17:26:03Z,PT23S,316986,4779,12
"TRUCKERS BOYCOTT NY, Democrats PANIC As Trump Fraud Verdict BACKFIRES Causing Business To FLEE State",2024-02-19T15:00:06Z,PT29M59S,282936,25811,4918
Acheron Full Gameplay,2024-02-20T03:44:07Z,PT3M,441163,18849,3140
"Always Sunny's Charlie Day, Rob McElhenney and Glenn Howerton Swap Favorite Bar Snacks | Snacked",2024-02-19T18:00:32Z,PT9M1S,276404,11086,589
Chocolate Filled Donut Bombs,2024-02-18T13:04:06Z,PT55S,343228,37006,122
Hiru TV Copy Chat ğ•ğ€ğ‹ğ„ğğ“ğˆğğ„ ğ’ğğ„ğ‚ğˆğ€ğ‹ with Glow and Lovely ğŸ’— | 2024-02-11,2024-02-11T19:54:05Z,PT1H24M15S,276760,6363,492
Divithura - à¶¯à·’à·€à·’à¶­à·”à¶»à· | Episode 733 | 2024-02-14 | Hiru TV,2024-02-14T15:00:12Z,PT21M19S,277408,4182,206
à¶…à¶¯ à¶…à¶´à·’ à¶œà·œà¶©à·à¶šà·Š à¶¯à·”à¶» à·€à·”à¶«à¶­à·Š à¶‘à¶¯à· à·€à¶œà·šà¶¸ à¶†à¶¯à¶»à·š à¶‘à·€à¶½à· ğŸ¥ºâ™¥ï¸,2024-02-14T14:05:57Z,PT13S,278984,13914,108
Essa casa tinha uma porta secreta! ğŸ˜±ğŸ¤£ #livedobrino #humor,2024-02-19T19:03:34Z,PT58S,278972,45095,163
Thathparayak Denna | Episode - 25 (2024-02-17) | ITN,2024-02-17T15:00:07Z,PT19M10S,286277,4482,273
à¶¸à·à¶ºà·’ à¶¸à¶œà·™ à¶¸à·à¶­à·Šà¶­à¶ºà¶ºà·’ à¶¸à¶œà·™ à¶¸à¶½à·Šà¶½à·’à¶ºà·’ à¶¸à¶½à·Šà¶½à·’à¶œà·™ à¶¶à·’à¶»à·’à¶¯à¶ºà·’ à¶…à¶´à·’ à·„à·’à¶¸à·à¶½à·š à¶œà·’à¶ºà· ğŸ’ piyumi hansamali,2024-02-18T10:35:45Z,PT7S,350730,6023,48
Ralla Weralata Adarei - à¶»à·à¶½à·Šà¶½ à·€à·™à¶»à·…à¶§ à¶†à¶¯à¶»à·™à¶ºà·’ | Episode 650 | 2024-02-16 | Hiru TV,2024-02-16T15:30:12Z,PT20M11S,271971,5034,242
Crash If you're Gay ğŸ’€ğŸ˜‚ Real Granny ğŸ‘©â€ğŸ¦³,2024-02-16T12:10:43Z,PT35S,282884,15319,114
à¶¸à¶œà·š à¶´à·™à¶¸à·Š à¶šà·€à·’à¶º...à¶´à¶¯ à¶±à·à¶­à·’.. à·„à·à¶© à¶±à·à¶­à·’.. à¶­à·à¶½ à¶±à·à¶­à·’..à·ƒà¶¸à·„à¶»à·” à¶…à¶šà¶¸à·à¶­à·’ à¶‡à¶­à·’..à·„à·à¶¶à·à¶ºà·’ à¶’ à·€à·”à¶«à¶­à·Š..à·ƒà¶­à·”à¶§ à·€à·’à¶­à¶»à¶šà·Šà¶¸ à¶‡à¶­à·’..,2024-02-14T17:39:36Z,PT28S,252167,8436,366
4 à®µà¯†à®±à¯à®±à®¿à®²à¯ˆà®¯à®¿à®²à¯ à®’à®©à¯à®±à¯ˆ à®¤à¯‡à®°à¯à®¨à¯à®¤à¯†à®Ÿà¯à®™à¯à®•à®³à¯ à®‰à®™à¯à®•à®³à¯ à®®à®©à®¤à®¿à®²à¯ à®‰à®³à¯à®³ à®†à®šà¯ˆ à®¨à®¿à®±à¯ˆà®µà¯‡à®±à¯à®®à®¾ à®à®©à¯à®±à¯ à®ªà®¾à®°à¯à®•à¯à®•à®²à®¾à®®à¯ | Tamil,2024-02-15T04:37:59Z,PT8M50S,240210,3260,148
"à¶´à·’à¶ºà¶ºà·”à¶»à·” à¶¯à·™à·ƒà·“à¶ºà¶ºà·’, à¶œà·‘à¶«à·” à·ƒà·“à¶ºà¶ºà·’ ''à¶¸à·à¶«à·’à¶šà·Š à¶œà¶Ÿà¶§à¶­à·Š à¶‰à·€à·”à¶»à·š à¶ à·– à¶ºà¶ºà·’"" - à¶šà·œà¶§à·Šà¶§à·„à¶ à·Šà¶ à·’ à¶šà·”à¶»à·”à¶«à·‘à¶œà¶½à¶¸ à¶±à·’à·„à¶¬à¶šà¶»à¶ºà·’",2024-02-18T11:04:17Z,PT16M20S,246590,5555,1315
Seesarla (à·ƒà·“à·ƒà¶»à·Šà¶½à·) | Episode 67 | 13th February 2024,2024-02-13T16:30:11Z,PT19M33S,229501,5633,78
Padiri Production - Gewal Kuliya 3 (part 2),2024-02-16T10:45:11Z,PT44M19S,240990,11067,705
"à¶…à¶¸à·Šà¶¸à·, à¶…à·à·šà¶±à·Šà¶œà·š à¶…à¶½à·”à¶­ à¶œà·™à¶±à· à¶¸à¶±à¶¸à·à¶½à·’.. ğŸ¥° #shorts",2024-02-19T06:15:30Z,PT17S,295344,10646,119
Seesarla (à·ƒà·“à·ƒà¶»à·Šà¶½à·) | Episode 69 | 15th February 2024,2024-02-15T16:30:11Z,PT19M16S,227396,5699,133
à¶¸à·à·ƒ 11 à¶šà·”à¶­à·Š à·€à·”à¶«à· ğŸ¥º à¶­à·€ à·„à¶»à·’à¶ºà¶§à¶¸ à¶¸à·à·ƒà¶ºà¶šà·’à¶±à·Š à¶”à¶ºà· à¶‡à·€à·’à¶­à·Š à¶…à·€à·”à¶»à·”à¶¯à·Šà¶¯à¶ºà·’  ğŸ¥ºâ™¥ï¸,2024-02-16T02:54:40Z,PT14S,227081,15620,230
Nikini Kusum (à¶±à·’à¶šà·’à¶«à·’ à¶šà·”à·ƒà·”à¶¸à·Š) | Episode 108 | 16th February 2024,2024-02-16T16:00:08Z,PT21M13S,226817,6943,337
ğŸ™ à¶­à·€ à¶šà·™à¶±à·šà¶šà·Šà¶œà·™ à¶¢à·’à·€à·’à¶­à¶ºà¶šà·Š à¶¶à·šà¶»à¶œà·Šà¶±à·Šà¶± à¶­à¶¸à¶±à·Šà¶œà·š à¶¢à·’à·€à·’à¶­à·š à¶œà·à¶±à·€à·Šà¶­à·Š   à¶±à·œà·„à·’à¶­à¶± à¶¸à·’à¶±à·’à·ƒà·Šà·ƒà·” à·„à¶»à·’à¶¸  à¶…à¶©à·”à¶ºà·’.. ğŸš‘ğŸš‘,2024-02-12T14:26:14Z,PT16S,283008,6415,203
Nikini Kusum (à¶±à·’à¶šà·’à¶«à·’ à¶šà·”à·ƒà·”à¶¸à·Š) | Episode 106 | 14th February 2024,2024-02-14T16:00:07Z,PT21M35S,218364,6690,307
Simplicity Tamil ActorsğŸ˜›,2024-02-15T05:51:00Z,PT39S,227234,12512,25
Psychopath Wednesday teacher ğŸ‘©â€ğŸ«ğŸ˜° | Toca life story #shorts,2024-02-14T16:30:03Z,PT32S,220268,11006,98
Michael Cole got a kick out of that one ğŸ˜‚,2024-02-19T17:00:11Z,PT10S,213684,9753,73
à¶šà·œà¶§à¶šà·™à¶­à¶± à¶¯à·à¶¸ à¶à·à¶­à¶± à¶»à·à¶½à·Šà¶½à·š à¶ à·–à¶¯à·’à¶­à¶ºà·™à¶šà·”à¶§...à¶¸à¶»à¶« à¶¯à¶¬à·”à·€à¶¸ à¶±à·’à¶ºà¶¸ à¶šà·…à·š à¶¸à·™à·„à·™à¶¸à¶ºà·’..,2024-02-19T14:02:18Z,PT2M22S,233282,3517,667
à®•à®¾à®Ÿà¯à®Ÿà¯ à®®à®•à¯à®•à®³à¯ˆ à®®à®¾à®±à¯à®±à®¿à®¯ à®‡à®¨à¯à®¤à®¿à®¯ à®ªà¯†à®£à¯  - North Sentinel Contact,2024-02-14T10:03:43Z,PT10M36S,224304,7890,119
Seesarla (à·ƒà·“à·ƒà¶»à·Šà¶½à·) | Episode 70 | 16th February 2024,2024-02-16T16:30:08Z,PT19M49S,213444,5389,102
Bedroom 2024,2024-02-02T19:15:35Z,PT54S,245666,47,4
à¶´à·”à¶‚à¶ à·’ à¶¶à¶±à·Šà¶©à·’à¶ºà·à¶œà·š à¶´à·à¶«à·’ à·€à·…à¶½à·” | lama kathanadara sinhala | à¶šà¶­à¶±à·Šà¶¯à¶»  | kathandara | sinhala  cartoon,2024-02-13T12:35:12Z,PT12M2S,215849,2494,124
My pet crazy cat made me crazy ğŸ˜°ğŸ˜…ğŸ± | Toca life story #shorts #tocaboca,2024-02-14T04:30:09Z,PT40S,207273,13009,29
â€œà¶¶à¶³à·’à¶¸à·”  à·ƒà·”à¶¯à·â€ Official Dance Cover | Oshan Liyanage Ft.Vinu | Piyath Rajapakse ( Badimu Suda Dance ),2024-02-14T12:30:08Z,PT3M4S,209995,9584,347
"à·ƒà·”à·…à·” à·ƒà·šà·€à¶šà¶ºà·’à¶±à·Šà¶§ à¶šà·œà¶§à·”à·€à·–Â à¶½à·œà¶šà·” à¶¯à·œà·ƒà·Šà¶­à¶»...""à¶§à·’à¶šà·Šà¶§à·œà¶šà·Š à¶´à¶´à·Šà¶´à·à¶œà·š à·ƒà¶‚à¶¯à¶»à·Šà·à¶± à¶…à¶´à·’à¶§ à¶‘à¶´à·...""",2024-02-16T13:51:18Z,PT5M24S,206717,1631,1238
à¶‘à·…à·”à·€à·™à¶šà·Š à·€à¶œà·š à¶šà·‘ à¶œà·„à¶±à·Šà¶± à¶´à·”à·…à·”à·€à¶±à·Š à¶­à¶»à·’à¶±à·Šà¶¯à·’ ğŸ˜‚ğŸ #siddiyesamanaliyo #funny,2024-02-12T12:07:03Z,PT30S,249755,8811,58
ğŸ’¥à®…à®±à¯à®ª à®šà®¨à¯à®¤à¯‹à®šà®¤à¯à®¤à®¿à®±à¯à®•à¯ à®®à®±à¯à®±à®µà®°à¯à®•à®³à¯ˆğŸ˜± à®•à®¾à®¯à®ªà¯à®ªà®Ÿà¯à®¤à¯à®¤ à®µà¯‡à®£à¯à®Ÿà®¾à®®à¯ğŸ’”ğŸ’¯ #shorts #youtubeshorts #emotional #viral,2024-02-16T13:58:43Z,PT1M,209568,10734,26
à¶¸à·à¶ºà·’ à¶¸à¶œà·™ à¶¸à·à¶­à·Šà¶­à¶ºà¶ºà·’ à¶¸à¶œà·™ à¶¸à¶½à·Šà¶½à·’à¶ºà·’ à¶¸à¶½à·Šà¶½à·’à¶œà·™ à¶¶à·’à¶»à·’à¶¯à¶ºà·’ à¶…à¶´à·’ à¶œà·’à¶ºà· à¶§à·à¶¢à·Šà¶¸à·à·„à·à¶½à·Š happy valentine ğŸ’˜,2024-02-16T07:44:45Z,PT16S,204820,6212,49
à·ƒà·’à¶¯à·–à·„à·’ à·ƒà·à¶»à¶­ à¶´à·œà¶©à·’ à·ƒà·à¶¯à·” à¶ à¶»à·’à¶­à¶º à¶»à¶Ÿà¶´à·‘ à¶šà·€à·“à·‚ à¶¸à·„à¶±à·”à·€à¶»à¶¯à·“ à¶´à·à·€à·’à¶¯à·’ à·€à·™à¶ºà·’ - Soratha Hamuduruwo Sidu,2024-02-19T06:45:00Z,PT16M52S,217221,4773,689
My favorite room decorations to date! ğŸ˜†,2024-02-14T02:59:05Z,PT1M1S,197939,21731,30
LALAI LILAI LAI || EPISODE 05 || à¶½à¶½à¶ºà·’ à¶½à·’à¶½à¶ºà·’ à¶½à¶ºà·’ || 19th February 2024,2024-02-19T15:30:22Z,PT23M5S,273253,8256,350
Nikini Kusum (à¶±à·’à¶šà·’à¶«à·’ à¶šà·”à·ƒà·”à¶¸à·Š) | Episode 105 | 13th February 2024,2024-02-13T16:00:11Z,PT21M48S,197033,5848,228
LOG Drum Saw ##â—ï¸â—ï¸,2024-02-17T15:52:23Z,PT19S,238128,1572,5
"ĞŸÑ€Ğ¾ Ğ±ĞµĞ·Ğ»Ğ¸Ğ¼Ğ¸Ñ‚, ĞºĞ¾Ñ‚Ğ¾Ñ€Ğ¾Ğ³Ğ¾ Ğ±Ğ¾Ğ»ÑŒÑˆĞµ Ğ½ĞµÑ‚ğŸ˜",2024-02-19T13:21:47Z,PT58S,202541,26846,224
"[ìë§‰ë‰´ìŠ¤] ""ì²­ì†Œìƒíƒœ ë¶ˆëŸ‰..ë¯¸í™”ì› ë°”ê¿”ë‹¬ë¼""..'ë¯¼ì›' ì…ì£¼ë¯¼ ì •ì²´ì— 'ê²½ì•…' (2024.02.20/MBCë‰´ìŠ¤)",2024-02-20T02:07:02Z,PT1M13S,275940,3586,1011
Hiru TV Copy Chat Live | 2024-02-18,2024-02-18T19:53:53Z,PT1H24M22S,203961,4953,452
ĞĞ›ĞĞ â¤ï¸,2024-02-19T17:53:22Z,PT14S,184765,10421,402
Mandaram Kathawe | Episode 72 - (2024-02-14) | ITN,2024-02-14T15:34:17Z,PT18M52S,183953,6405,181
Ai Long Nhai ğŸ¥°ğŸ«¶ğŸ» #meenping,2024-02-16T04:28:21Z,PT38S,181777,24646,83
'ë¶ˆì¶œë§ˆ ìš”êµ¬' ê±°ë¶€í–ˆëŠ”ë°...ê°•ë ¥í•œ ì ìˆ˜ ë§Œë‚œ ê¹€ê¸°í˜„ [Yë…¹ì·¨ë¡] / YTN,2024-02-20T05:53:02Z,PT1M46S,182579,992,222
Mandaram Kathawe | Episode 71 - (2024-02-13) | ITN,2024-02-13T15:33:30Z,PT18M36S,177846,6203,224
"à¶¸à·š à·€à¶ à¶± à¶±à·™à·€à·™à¶ºà·’, à·„à·à¶Ÿà·“à¶¸à·Š! ğŸ¥ºâ¤ğŸ¤ #Shorts#Aslam",2024-02-05T10:07:55Z,PT1M,179570,11493,254
Sangeethe (à·ƒà¶‚à¶œà·“à¶­à·™à·Š) | Episode 1256 | 16th February 2024,2024-02-16T15:00:11Z,PT20M31S,177084,3074,87
Sangeethe (à·ƒà¶‚à¶œà·“à¶­à·™à·Š) | Episode 1254 | 14th February 2024,2024-02-14T15:00:09Z,PT19M52S,175095,3202,57
Mandaram Kathawe | Episode 73 - (2024-02-15) | ITN,2024-02-15T15:33:30Z,PT18M31S,175256,6444,407
à¶­à·à¶­à·Šà¶­à· ğŸ¥ºâ¤ï¸,2024-02-16T19:05:40Z,PT16S,174655,5248,62
à¶…à¶´à·’à¶­à·Š à¶¸à·š à·ƒà·’à¶‚à¶¯à·”à·€à¶§ à¶±à·à¶§à·”à·€à·  ğŸ’ƒğŸ» #sachininipunsala #bollywooddancewithsachini,2024-02-17T03:07:56Z,PT59S,182079,7742,66
Iniya Serial Shorts | Ep 386 - 2 | #Iniya | Alya Manasa | Rishi | #shorts #ytshorts,2024-02-14T16:40:00Z,PT1M,172021,7420,11
Psycho beauty artist ğŸ˜œğŸ’… | Toca life story #shorts #tocaboca,2024-02-16T04:30:07Z,PT35S,173538,10018,26
Sangeethe (à·ƒà¶‚à¶œà·“à¶­à·™à·Š) | Episode 1255 | 15th February 2024,2024-02-15T15:00:09Z,PT20M58S,172520,3150,83
Aaja we mahiya || Mood offğŸ˜¢ #brokenğŸ’” #trending #loveâ¤ï¸ #viralğŸ¥€ #shorts_video #shorts,2024-02-15T07:30:11Z,PT29S,173615,,5
è¿·æƒ‘ç³»YouTuberã«çµ¡ã¾ã‚ŒãŸæ™‚ã®å¯¾å‡¦æ–¹æ³•,2024-02-19T11:30:30Z,PT35S,180131,12498,117
"à¶…à¶´à·š à¶šà¶©à·€à·ƒà¶¸à·Š ""à·„à·šà¶¸à·à¶½à·Š""à¶œà·š à¶¯à·à¶šà·Šà¶šà¶¸ à¶´à·’à·ƒà·Šà·ƒà·” à·€à·à¶§à·™à¶± Entry à¶‘à¶š ğŸ™ˆğŸ¤Hemal Ranasinghe (Kasi Saban Pena song)",2024-02-16T09:30:15Z,PT13S,175713,9610,89
Addiction au chocolat ?!,2024-02-19T17:00:17Z,PT46S,185751,9868,56
à¶…à¶´à·’à¶­à·Š à¶¸à·š à·ƒà·’à¶‚à¶¯à·”à·€à¶§ à¶±à·à¶§à·”à·€à·  ğŸ’ƒğŸ» #sachininipunsala #bollywooddancewithsachini,2024-02-17T03:07:56Z,PT59S,182079,7742,66
Iniya Serial Shorts | Ep 386 - 2 | #Iniya | Alya Manasa | Rishi | #shorts #ytshorts,2024-02-14T16:40:00Z,PT1M,172021,7420,11
Psycho beauty artist ğŸ˜œğŸ’… | Toca life story #shorts #tocaboca,2024-02-16T04:30:07Z,PT35S,173538,10018,26
Sangeethe (à·ƒà¶‚à¶œà·“à¶­à·™à·Š) | Episode 1255 | 15th February 2024,2024-02-15T15:00:09Z,PT20M58S,172520,3150,83
Aaja we mahiya || Mood offğŸ˜¢ #brokenğŸ’” #trending #loveâ¤ï¸ #viralğŸ¥€ #shorts_video #shorts,2024-02-15T07:30:11Z,PT29S,173615,,5
"à¶…à¶´à·š à¶šà¶©à·€à·ƒà¶¸à·Š ""à·„à·šà¶¸à·à¶½à·Š""à¶œà·š à¶¯à·à¶šà·Šà¶šà¶¸ à¶´à·’à·ƒà·Šà·ƒà·” à·€à·à¶§à·™à¶± Entry à¶‘à¶š ğŸ™ˆğŸ¤Hemal Ranasinghe (Kasi Saban Pena song)",2024-02-16T09:30:15Z,PT13S,175713,9610,89
Psycho grandma wanted to give the ugly toy ğŸ’©ğŸ¤® | Toca life story #shorts #tocaboca,2024-02-18T04:30:07Z,PT28S,173213,8798,28
Mandaram Kathawe | Episode 74 - (2024-02-16) | ITN,2024-02-16T15:35:39Z,PT18M29S,169667,5847,249
à¶­à¶±à·’à¶ºà¶¸ à·ƒà·à¶´à·š à¶¢à·“à·€à·’à¶­à¶º à·€à·’à¶¯à·’à¶± à¶¸à·’à¶±à·’à·ƒà·Šà·ƒà·” ğŸ˜|à¶…à¶±à·Šà¶­à·’à¶¸ à¶§à·’à¶š à¶±à¶¸à·Š à¶¸à·’à·ƒà·Šà¶šà¶» à¶œà¶±à·Šà¶± à¶‘à¶´à· ğŸŒ|#shorts,2024-02-15T13:24:40Z,PT33S,173033,3618,26
Iskole (à¶‰à·ƒà·Šà¶šà·à¶½à·š) | Episode 768 | 16th February 2024,2024-02-16T14:30:11Z,PT20M11S,169270,2654,91
Iskole (à¶‰à·ƒà·Šà¶šà·à¶½à·š) | Episode 767 | 15th February 2024,2024-02-15T14:30:07Z,PT19M31S,166700,2325,61
A TRANSFORMAÃ‡ÃƒO MAIS DEMORADA DE BEN 10! #ben10 #humor #shorts,2024-02-19T15:05:00Z,PT31S,163091,24794,99
Â¿Hacer Trampa Es Malo?  âŒ #EducaciÃ³n #Finanzas #FinanzasPersonales #Invertir #Inversiones #Negocios,2024-02-19T23:30:08Z,PT27S,163876,23233,93
à·ƒà·”à¶±à·Šà¶¯à¶» à¶‰à¶»à·’à¶¯à· à¶¯à·€à·ƒà¶šà·Š ğŸ˜ | à¶†à·€à·’à¶±à·Š à¶¶à¶¶à·à¶œà·š à¶ºà·à¶½à·”à·€à·œ à¶¶à¶½à¶±à·Šà¶± à¶œà·’à¶ºà· | à¶šà·€à·”à¶¯ à¶¸à·š à¶†à·€à·’à¶±à·Š à¶šà·’à¶ºà¶± à¶¶à·šà¶¶à·’ ğŸ˜‚,2024-02-15T04:18:04Z,PT14M45S,166157,5875,126
à¶…à¶±à·”à¶» à¶šà·”à¶¸à·à¶»à¶œà·š à¶‰à¶±à·Šà¶¯à·“à¶º à·ƒà¶‚à¶ à·à¶»à¶ºà·š à¶‡à¶­à·”à¶½à·à¶±à·Šà¶­à¶º | #facetoface  #anurakumaradissanayake #akd #npp #news1st,2024-02-15T17:00:08Z,PT1H31M57S,162562,6866,2932
à¶‘à¶ºà·à¶½à· à¶šà·œà·„à·™à¶¯ à¶¸à·š à¶œà·’à·„à·’à¶±à·Š à¶‰à¶±à·Šà¶±à·™ ğŸ¤” à¶…à¶±à·Šà¶­à·’à¶¸à¶§ à¶­à¶¸à¶ºà·’ à·„à·œà¶¯à¶¸ à¶§à·’à¶š â˜ºï¸ğŸ‘piumihansamali,2024-02-07T02:12:59Z,PT38S,191760,5440,74
à·„à·à¶¸à·à¶¸ à¶´à·’à·ƒà·Šà·ƒà·” à·€à¶§à·Šà¶§à¶´à·” à¶œà¶¸à·š à¶½à·ƒà·Šà·ƒà¶±à¶¸ à¶½à·šà¶½à·’ â¤ï¸ #shorts,2024-02-13T05:00:24Z,PT48S,161841,4723,29
Psychopath little Angel ğŸ˜°ğŸª½ | Toca life story #shorts,2024-02-18T16:30:08Z,PT37S,166960,10808,53
Morning News NOW Full Broadcast â€“ Feb. 19,2024-02-19T17:00:32Z,PT1H35M39S,164524,662,110
Momen Pak Prabowo hormat kepada Anak kecil â“ğŸ˜­ #shorts #viral #kopassus #pemilu2024,2024-02-19T04:13:52Z,PT35S,164444,,40
Southwest Florida Eagle Cam,2024-02-16T16:24:45Z,P0D,155661,1368,0
Seesarla (à·ƒà·“à·ƒà¶»à·Šà¶½à·) | Episode 71 | 19th February 2024,2024-02-19T16:30:08Z,PT19M35S,154867,4435,84
ğŸ® à®šà®¾à®• à®ªà¯‹à®•à¯à®®à¯ à®®à®¾à®Ÿà¯ #shorts,2024-02-14T19:14:00Z,PT1M,164373,10960,2
Iskole (à¶‰à·ƒà·Šà¶šà·à¶½à·š) | Episode 766 | 14th February 2024,2024-02-14T14:30:09Z,PT20M34S,155931,2276,62
Anbe Vaa Serial | EP 1019 Highlights | 13th Feb 2024 | Virat | Shree Gopika |Saregama TV Shows Tamil,2024-02-14T02:00:26Z,PT9M40S,156769,2405,34
Iskole (à¶‰à·ƒà·Šà¶šà·à¶½à·š) | Episode 765| 13th February 2024,2024-02-13T14:30:07Z,PT20M23S,153170,2261,57
à·ƒà·’à¶±à·„à·€à¶šà·Š à¶‘à¶šà·Šà¶š à¶œà·“à¶­ à¶»à·ƒà¶ºà¶šà·Š à¶‘à¶šà¶­à·” à¶šà¶»à¶± à¶ à·–à¶§à·’ à¶¯à·”à·€ğŸ¥° #shorts,2024-02-11T14:15:07Z,PT56S,155886,3772,65
Circuskarayo (à·ƒà¶»à·Šà¶šà·ƒà·Šà¶šà·à¶»à¶ºà·) | Episode 122 | 14th February 2024 | Sirasa TV,2024-02-14T14:30:08Z,PT17M20S,153359,2722,97
Mr.Manaivi - Best Scenes | 11 Feb 2024 | Tamil Serial | Sun TV,2024-02-12T12:45:32Z,PT8M5S,151918,1869,20
"à¶…à¶±à·Šà¶­à·’à¶¸ à·€à·™à¶±à¶šà¶±à·Š à·€à·à¶½à¶½à·’à¶½à· à·„à·’à¶§à·’à¶ºà·œà¶­à·Š à¶»à·”.50,000à¶šà·Š | Last To Stay Buried Alive Wins Rs.50,000",2024-02-17T03:33:30Z,PT16M16S,155374,9503,425
Circuskarayo (à·ƒà¶»à·Šà¶šà·ƒà·Šà¶šà·à¶»à¶ºà·) | Episode 124 | 16th February 2024 | Sirasa TV,2024-02-16T14:30:08Z,PT17M11S,155345,3087,96
à¶œà·™à¶¯à¶»à¶§ à¶šà·€à·”à¶»à·” à·„à¶»à·’ à¶†à·€à¶¸ à¶…à¶šà·Šà¶šà· vs à¶±à¶‚à¶œà·’ ğŸ¤£ğŸ˜‚#trending #viral #comedy #funny #relatable #shorts #feed,2024-02-14T12:45:21Z,PT13S,152119,7531,132
That was AWESOME ğŸ˜²,2024-02-14T02:09:10Z,PT31S,150198,6363,56
Enjoy Beautiful Nature Life ğŸ¥ğŸŠğŸ«ğŸ¥‘ğŸ’#522#shortvideo ğŸ’¥ #hadhik afağŸ¥°ğŸ˜,2024-02-16T12:30:41Z,PT24S,151452,4983,11
KFC ğŸ˜® Sri Lanka Vs INDIA Comparison ğŸ¤¯ğŸ¤¯ | #food #foodie #shorts,2024-02-19T09:02:36Z,PT44S,153062,19327,31
Divyadari | Episode 317 - (2024-02-14) | ITN,2024-02-14T15:06:34Z,PT20M7S,149057,3133,179
"Gadi Ke Andar, Madhu Makki  ğŸ˜‚#abcvlogs #realfoolsteam #shortvideo #ajaypoper @abcvlogs9627 ï¿¼",2024-02-20T02:12:11Z,PT28S,167456,10897,71
à¶Œ à¶±à¶¸à·Š à¶¸à·à¶» à¶œà·œà¶±à·™à¶šà·Š | à¶…à¶±à·”à¶» à¶¢à·œà¶±à·’à¶ºà·€ à·ƒà·„ à¶œà·à¶½à¶ºà·à·€ à¶œà¶¸à·šà¶¯à·“à¶¸ à¶‰à·€à¶»à¶šà¶»à¶ºà·’ | à¶…à¶±à·”à¶» à¶šà·’à·€à·Šà·€ à¶šà¶­à·à·€à¶½à¶§ à·„à·à¶¸à·à¶§à¶¸ à·„à·’à¶±à·,2024-02-18T12:45:02Z,PT9M10S,154219,3663,528
Circuskarayo (à·ƒà¶»à·Šà¶šà·ƒà·Šà¶šà·à¶»à¶ºà·) | Episode 123 | 15th February 2024 | Sirasa TV,2024-02-15T14:30:08Z,PT17M17S,149718,2640,80
à¶¸à·šà¶š à¶¸à·à¶» à¶¸à·’à¶±à·“ à¶´à·™à¶§à·Šà¶§à·’ à·ƒà·à¶´à·Šà¶´à·”à·€à¶šà·Š | à¶¯à·à¶±à¶§ à¶´à·™à¶§à·Šà¶§à·’ 3000à¶§ à·€à¶©à· à¶±à·’à¶šà¶±à·Š à¶¯à·“à¶½à· | à¶¢à·“à·€à¶­à·Š à·€à·™à¶± à¶šà·à¶½à·š à¶‡à¶½à·Šà·€à¶­à·”à¶» à¶¯à·™à¶±à·Šà¶±à·‘,2024-02-17T04:30:07Z,PT48M1S,147777,3820,576
à¶‘à¶šà¶¸ Vibe à¶‘à¶šà·š à¶¯à·™à¶±à·Šà¶±à·™à¶šà·Š à·ƒà·™à¶§à·Š à·€à·”à¶±à·à¶¸ à¶¢à·“à·€à·’à¶­à¶º à·„à¶»à·’à¶¸ à¶½à·ƒà·Šà·ƒà¶±à¶ºà·’ | Copy Chat ğ•ğ€ğ‹ğ„ğğ“ğˆğğ„ ğ’ğğ„ğ‚ğˆğ€ğ‹ ğŸ’—,2024-02-16T11:35:29Z,PT59S,151165,4843,42
Sihina Genena Kumariye - à·ƒà·’à·„à·’à¶± à¶œà·™à¶±à·™à¶± à¶šà·”à¶¸à·à¶»à·’à¶ºà·š | Episode 418 | 2024-02-18 | Hiru TV,2024-02-18T16:30:07Z,PT32M22S,149557,1993,189
Sachini & Isuru à¶œà·š Love Story à¶‘à¶š â™¥ï¸ | à¶¸à·”à¶½à·’à¶±à·Šà¶¸ à·„à¶¸à·Šà¶¶à·”à¶±à·š à¶šà·œà·„à·œà¶¸à¶¯?  | Ep 01 | ChatterPod,2024-02-18T06:30:29Z,PT59M,157834,10964,639
VERY RARE ORIGINAL DIAMOND CHROME HEARTS ROLEX FOR SALE â—ï¸ DM ME SERIOUS OFFERS ğŸ”¥ love you all.,2024-02-19T20:05:13Z,PT38S,144239,5375,631
"""à¶¸à·à¶°à·€à·“ à¶…à¶šà·Šà¶šà·’ à¶šà·œà·„à·™à¶¯ à¶¸à·š à¶¶à·à¶±à·’à¶šà·Šà¶šà·™à¶šà·Š à·€à¶œà·š à·„à·à¶© à·€à·™à¶½à· à¶ºà¶±à·Šà¶±à·š""ğŸ¥°â¤ï¸ğŸ˜ğŸŒ¸ #viral #trending #shorts madhavee",2024-02-12T14:30:17Z,PT10S,168441,3534,20
Divyadari | Episode 316 - (2024-02-13) | ITN,2024-02-13T15:00:34Z,PT19M9S,143372,3153,143
Do we think this test is legit?! ğŸ˜³Vid ib: @ caroligmaa on TikTok #haircare,2024-02-19T22:32:41Z,PT13S,145232,7533,65
Nebaraya (à¶±à·šà¶¶à¶»à¶ºà·) | Episode 03 | 14th February 2024 | Sirasa TV,2024-02-14T14:00:08Z,PT20M24S,142869,2208,67
Oom agent had ff geen tijd voor de standaard #shorts,2024-02-19T11:43:58Z,PT9S,146189,2459,83
"""à¶šà·”à¶»à¶šà·Šà¶šà¶±à·Š à¶´à·à¶±à·Š à¶´à·™à¶­à·Šà¶­à¶š à¶…à¶½à·’à¶œà·à¶§à¶´à·šà¶» à¶œà·à¶½à· à¶­à·’à¶¶à·Šà¶¶à·, à¶¶à¶¶à· à¶¸à·šà¶šà·š à·ƒà·“à¶±à·“ à¶±à·‘ à¶šà·’à·€à·Šà·€à·.."" | à¶…à·à·šà¶±à·Šà¶œà·š à¶šà·‘à¶¸à¶§ à·€à·™à¶ à·Šà¶  à¶¯à·™à¶ºà¶šà·Š ğŸ˜‚",2024-02-20T05:38:25Z,PT3M22S,147908,3076,88
Whoâ€™s The Better Leader?Pentecost or Waller #shorts #meme,2024-02-20T01:07:49Z,PT56S,142762,30137,401
à¦¤à¦¾à¦¹à¦²à§‡ à¦•à¦¾à¦°à¦¾à¦—à¦¾à¦°à§‡ à¦¬à¦¸à§‡à¦‡ à¦–à§‡à¦²à¦›à§‡à¦¨ à¦‡à¦®à¦°à¦¾à¦¨ à¦–à¦¾à¦¨? | Pak _News | Ekattor TV,2024-02-20T03:51:23Z,PT3M26S,186421,3253,60
MÃ¼ge AnlÄ± ve minik Sare'nin eÄŸlenceli anlarÄ±! #mÃ¼geanlÄ±,2024-02-19T15:50:35Z,PT30S,124570,5682,134
People Who NEVER Eat THIS Part Of The Bread ğŸ¤£ #comedy #skit #funny,2024-02-19T20:45:15Z,PT12S,122549,7974,139
à¶œà·’à¶º à¶…à·€à·”à¶¯à·Šà¶¯à·™ à·€à·à¶½à¶±à·Šà¶§à¶ºà·’à¶±à·Š à·ƒà·à¶¸à¶»à·”à·€à·™ à·ƒà¶ à·’à¶±à·’ à¶‘à¶šà·Šà¶š à¶’à¶­à·Š à¶¯à·à¶±à·Š à¶’à·€à· à·€à·™à¶±à·ƒà·Š à·€à·™à¶½à· ğŸ˜³ğŸ’” sachini dilhara | lavan,2024-02-17T14:40:33Z,PT9S,144266,5644,
à¶šà·™à·„à·™à·…à·’à¶º à¶§ à¶»à·‘à¶§ à·„à·”à·ƒà·Šà¶¸ à·„à·’à¶»à·€à·“à¶¸à·š à¶»à·à¶œà¶ºà¶šà·Š...à¶´à·à¶º 7à¶šà·Š à¶‡à·ƒà·– à·ƒà¶¸à·Šà¶´à·–à¶»à·Šà¶« à¶±à¶©à·”à·€ à¶¸à·™à¶±à·Šà¶±...,2024-02-15T17:04:46Z,PT5M59S,123811,1252,955
à¶…à¶´à·’ à¶¯à·™à¶±à·Šà¶±à· à¶œà·’à¶º date à¶‘à¶šğŸ’— #shorts,2024-02-19T05:52:28Z,PT14S,137825,10436,55
à¶’ à¶šà¶§ à·„à¶¬à¶§ à¶±à¶¸à·Š à¶šà·€à·”à¶»à·”à¶­à·Š à¶†à¶¯à¶»à·™à¶ºà·’.... ğŸ˜ğŸ˜| Copy Chat,2024-02-16T07:39:19Z,PT38S,132774,6447,92
à·„à¶¶à·“ à¶…à¶¯ à¶†à·€à· à¶¸à·à·€ à¶¶à¶½à¶±à·Šà¶± ğŸ˜|Congratulations à¶¯à·™à¶±à·Šà¶±à·à¶§à¶¸ â¤ï¸|Couple Goals |#shorts,2024-02-17T12:59:01Z,PT47S,134367,4921,29
Bekari Gedara (à¶¶à·™à·Šà¶šà¶»à·’ à¶œà·™à¶¯à¶») | Episode 61 | 18th February 2024,2024-02-18T13:30:08Z,PT40M46S,122126,1898,83
Numba Daka Ma,2024-02-15T19:16:13Z,PT3M43S,127287,9154,0
Chandi Kumarihami - à¶ à¶±à·Šà¶©à·’ à¶šà·”à¶¸à·à¶»à·’à·„à·à¶¸à·’ | Episode 71 | 2024-02-17 | Hiru TV,2024-02-17T13:15:09Z,PT24M52S,119223,2080,139
ISSO Ã‰ SURREAL!! #shorts,2024-02-19T23:44:07Z,PT1M,118654,14897,348
I HAVE ANOTHER MUM IN ROBLOX #roblox #shorts #viral,2024-02-19T14:58:16Z,PT41S,116648,27241,29
"""à¶¸à¶§ à¶½à·€à¶±à·Šà¶œà·™ à¶…à¶­à·“à¶­à¶ºà·™à¶šà·Š à·€à·à¶©à¶šà·Š à¶±à·‘ à¶…à¶´à·’ à¶¯à·à¶±à·Š à¶¸à·à¶»à·’ à¶šà¶»à¶½ à¶‰à¶±à·Šà¶±à·™"" à¶œà·™à·„à·à·à·& à¶½à·€à¶±à·Š ğŸ˜„ğŸ¥°ğŸ™ #shorts",2024-02-19T04:49:23Z,PT15S,148997,7008,109
Manike Mage Hithe - Bottle Music,2024-02-18T09:30:20Z,PT11S,152679,4397,44
perro parlante ğŸ¶ğŸ—£ï¸,2024-02-19T18:49:00Z,PT1M,116072,11511,38
SIDADIYE SAMANALIYO ||  Episode 202 || à·ƒà·’à¶¯à·à¶¯à·’à¶ºà·š à·ƒà¶¸à¶±à¶½à·’à¶ºà·  || 16th February 2024,2024-02-16T14:30:21Z,PT23M2S,117843,2082,69
Lo que significaâ€¦ ğŸ˜‚ğŸ˜‚ #mamÃ¡ #latina #hijos #espaÃ±a #espaÃ±ol #aleman,2024-02-19T20:37:12Z,PT1M,110613,16486,79
3 Birds Personality Test | 3 à®ªà®±à®µà¯ˆà®•à®³à®¿à®²à¯ à®’à®©à¯à®±à¯ˆ à®¤à¯‡à®°à¯à®¨à¯à®¤à¯†à®Ÿà¯à®™à¯à®•à®³à¯ à®‰à®™à¯à®•à®³à¯ˆà®ªà¯ à®ªà®±à¯à®±à®¿ à®šà¯Šà®²à¯à®•à®¿à®±à¯‡à®©à¯ | Tamil,2024-02-17T09:53:17Z,PT7M18S,114313,1765,102
Sitha Nidi Na (à·ƒà·’à¶­ à¶±à·’à¶¯à·’ à¶±à·) | Episode 119 | 16th February 2024,2024-02-16T13:30:08Z,PT17M56S,110155,2859,134
à¶´à·™à¶¶à¶»à·€à·à¶»à·’ 23 à¶´à·à¶º à¶¯à·€à·ƒ à¶‰à¶­à· à¶´à·Šâ€à¶»à¶¶à¶½à¶ºà·’! à¶»à·à¶¢ à¶ºà·à¶œ! à¶¸à·š à¶½à¶œà·Šà¶± à·„à·’à¶¸à·’à¶ºà· 4 à¶¯à·™à¶±à·à¶§ à¶šà·à¶§à·’ à¶œà·à¶«à¶š à¶½à·œà¶­à¶»à·à¶ºà·’ à¶¯à·’à¶±à·”à¶¸à¶šà·Š à¶±à·’à¶ºà¶­à¶ºà·’!,2024-02-18T07:31:40Z,PT17M48S,118761,2073,393
Hidrofobia: Horror al agua | Doctor Negrete,2024-02-19T23:21:37Z,PT1M,110305,8286,137
à¶¸à¶‚ à¶”à¶ºà·à¶§ à¶šà¶§à¶šà·Š à¶šà·€à¶±à·Šà¶±à¶¸à·Š ğŸ˜,2024-02-16T04:30:07Z,PT1M37S,111055,1596,125
Anbe Vaa Serial Shorts | Ep 1019 - 5 | #AnbeVaa | Virat | Shree Gopika | #shorts #ytshorts,2024-02-13T17:50:00Z,PT50S,107697,3821,6
à¶¶à·”à·€à·’ à¶ à·–à¶§à·’ à¶´à·”à¶­à· à¶‘à¶šà·Šà¶š à¶‡à·€à·’à¶¯à·’à¶±à·Šà¶± à¶œà·’à·„à·’à¶±à·Š ğŸ˜ à¶ à·”à¶§à·’ à¶´à·”à¶­à· à¶½à¶‚à¶šà·à·€à¶§ à¶‘à¶±à·Šà¶± à¶šà·à¶¸à¶­à·’ à¶±à·‘ sajitha anuththara buwi #shorts,2024-02-17T14:36:33Z,PT4S,109461,2195,9
ALUPATA DEDUNU || à¶…à·…à·”à¶´à·à¶§ à¶¯à·šà¶¯à·”à¶±à·” || Episode 53 || 18th February 2024,2024-02-18T15:30:16Z,PT24M34S,111606,2133,165
Psychopath girlfriend ğŸ˜°ğŸ˜œ | Toca life story #shorts #tocaboca,2024-02-19T04:30:13Z,PT36S,110655,7141,32
I can only eat from restaurants that start with the letter Q for the whole day!,2024-02-19T17:00:44Z,PT1M,101656,13500,252
SpellBinder à¶šà¶­à· à¶¸à·à¶½à·à·€à·š à¶šà·Šâ€à¶»à·’à·ƒà·Šà¶§à·“à¶±à·Š à¶´à·…à¶¸à·”à·€à¶»à¶§ On Topic à¶­à·”à·…à·’à¶±à·Š | On Topic with Hasitha Wijewardena,2024-02-18T15:28:53Z,PT5M44S,104207,4821,480
Chandi Kumarihami - à¶ à¶±à·Šà¶©à·’ à¶šà·”à¶¸à·à¶»à·’à·„à·à¶¸à·’ | Episode 72| 2024-02-18 | Hiru TV,2024-02-18T13:15:07Z,PT24M49S,102694,1793,149
Indo malhar na academia da minha cidade ğŸ« ,2024-02-19T16:45:22Z,PT28S,102539,10396,76
à¶…à¶±à· à¶¸à¶±à·Šà¶­à·Šâ€à¶»à·“à¶­à·”à¶¸à·à¶§ à¶¢à¶ºà·€à·šà·€à· ğŸ’ªğŸ˜,2024-02-19T06:34:31Z,PT2M8S,100774,1762,65
à¶šà·Šâ€à¶»à·“à¶¸à·Š à·„à·œà¶»à¶šà¶¸à·Š à¶šà·… à¶­à¶»à·”à¶«à·’à¶ºà¶§ à¶¯à·”à¶±à·Š à¶¯à¶¬à·”à·€à¶¸ - à¶¸à·šà¶š à·ƒà·à¶½à·œà¶±à·Š à¶‘à¶šà¶šà·Š à¶¯? à¶‰à·ƒà·Šà¶šà·à¶½à¶ºà¶šà·Š ? -Hiru News,2024-02-17T08:13:30Z,PT2M32S,103830,1372,839
SÃ¡ng 20/2: CÃ´ GÃ¡i Tráº» Máº¥t TÃ­ch NgÃ y MÃ¹ng 7 Táº¿t ÄÆ°á»£c PhÃ¡t Hiá»‡n ÄÃ£ Tá»­ Vong Trong PhÃ²ng Trá» | SKÄS,2024-02-19T23:00:09Z,PT16M55S,98974,577,0
à®‰à®¯à®¿à®°à¯‹à®Ÿ à®ªà¯à®¤à¯ˆà®•à¯à®•à®ªà¯à®ªà®Ÿà¯à®Ÿà®¾à®©à¯ - Killed in North Sentinel,2024-02-18T06:18:59Z,PT15M13S,99060,6814,179
Hiru Star - Season 04 | EPISODE 42 | 2024-02-18,2024-02-18T16:10:21Z,PT1H23M27S,93276,1893,146
à¶…à¶±à·”à¶» à¶šà·”à¶¸à·à¶» à·ƒà·„à·à¶¯à¶»à¶ºà·à¶§ à¶¯à·à¶©à·’ à¶†à¶»à¶šà·Šà·‚à·à·€à¶šà·Š..,2024-02-19T02:54:52Z,PT11M46S,96452,2268,591
à¶­à·”à¶±à·Šà¶¯à·™à¶±à·à¶¸ à¶‘à¶šà¶§ à¶œà·„à¶´à·” à¶…à·€à·ƒà¶±à·Š à¶ à·à¶ºà·à¶»à·–à¶´ à¶´à·™à·… ğŸ¥ºğŸ’“. à¶…à¶±à·Šà¶­à·’à¶¸ à·€à·™à¶±à¶šà¶±à·Š à¶¶à¶½à¶±à·Šà¶± . akhila dhanuddhara . sajitha anthony,2024-02-18T09:34:36Z,PT6S,99651,3141,50
Ğ¯ Ğ£ĞœĞ•ĞĞ¬Ğ¨Ğ˜Ğ›Ğ¡Ğ¯ Ğ˜ ĞŸĞ ĞĞ‘Ğ ĞĞ›Ğ¡Ğ¯ Ğ’ Ğ—ĞĞšĞ Ğ«Ğ¢Ğ«Ğ™ Ğ”ĞĞœ Ğ–Ğ˜Ğ¢Ğ•Ğ›Ğ¯ Ğ’ ĞœĞĞ™ĞĞšĞ ĞĞ¤Ğ¢ | ĞšĞ¾Ğ¼Ğ¿Ğ¾Ñ‚ Minecraft,2024-02-20T12:00:00Z,PT12M26S,134527,13603,1421
Enjoy Beautiful Nature Life ğŸ¥ğŸŠğŸ«ğŸ¥‘ğŸ’#526#shortvideo ğŸ’¥ #hadhik afağŸ¥°ğŸ˜,2024-02-19T12:30:31Z,PT24S,90850,3650,11
2024 à¶¯à·“ à·€à·’à·€à·à·„ à·€à·”à¶«à·” à¶¢à¶±à¶´à·Šâ€à¶»à·’à¶º à¶­à¶»à·”ğŸŒ¹ğŸ¤|Celebrities who got married in 2024.,2024-02-18T03:21:08Z,PT24S,100754,6170,61
"à¶»à¶±à·Šà¶¢à¶±à·Š à¶»à·à¶¸à¶±à·à¶ºà¶š, à·€à·’à¶¢à¶º à¶šà·”à¶¸à·à¶»à¶­à·”à¶‚à¶œ à¶œà·”à¶« à·ƒà·à¶¸à¶»à·”à¶¸à·Š à¶‹à¶­à·Šà·ƒà·€à¶ºà·šà¶¯à·“ | Ranjan Ramanayake",2024-02-17T02:30:02Z,PT15M58S,90357,1414,284
à®•à®£à¯à®£à¯†à®¤à®¿à®°à¯‡ à®¤à¯‹à®©à¯à®±à®¿à®©à®¾à®³à¯ | Kannedhirey Thondrinal  | Episode - 504 | Swetha Khelge | Kalaignar TV,2024-02-15T15:00:51Z,PT22M36S,87152,1344,24
ì£¼ì˜ˆìˆ˜ ê·¸ë¶„ê»˜ í’€ë§¤ìˆ˜,2024-02-20T02:54:33Z,PT1M,104940,3130,117
à¶…à¶±à·”à¶» à¶šà·”à¶»à·”à¶«à·‘à¶œà¶½à¶¯à·“ à¶´à·Šâ€à¶»à¶·à¶½à¶ºà· à¶§à·’à¶š à¶‘à¶š à¶´à·™à·…à¶§à¶¸ à¶‰à·€à¶» à¶šà¶»à¶½à· à¶¯à·à¶ºà·’ | à¶¸à·„à·’à¶±à·Šà¶¯à¶œà·š à¶šà¶­à·à·€à¶§à¶­à·Š à¶…à¶±à·”à¶» à¶»à·’à¶¯à·™à¶±à·Šà¶± à¶¯à·™à¶ºà·’...,2024-02-18T13:00:33Z,PT12M59S,89408,2449,494
à¶¸à·à·€ à¶¸à¶»à¶±à·Šà¶± à·„à·à¶¯à·”à·€à·š à¶¢à·à¶­à·’à¶š à¶»à·à·„à¶½à·š à¶šà·”à¶©à·” à·€à·’à¶šà·”à¶«à¶± à¶¸à¶‚à¶šà·œà¶½à·Šà¶½à¶šà·à¶»à¶ºà· à·ƒà·™à¶§à·Š à¶‘à¶šà¶šà·Š. @TruthwithChamuditha,2024-02-18T14:44:50Z,PT36M52S,88431,1851,729
à¶¸à·œà¶šà¶¯ à·€à·™à¶½à· à¶­à·’à¶ºà·™à¶±à·Šà¶±à·š ğŸ˜®,2024-02-19T00:30:09Z,PT37S,88408,1465,4
BLUE LAPIZ MINECRAFT LAMP!!,2024-02-20T00:00:05Z,PT37S,82906,7693,31
Anbe Vaa Serial Shorts | Ep 1019 - 5 | #AnbeVaa | Virat | Shree Gopika | #shorts #ytshorts,2024-02-13T17:50:00Z,PT50S,107697,3821,6
Hispanic Das be so proud ğŸ˜‚ #relatable #collab #hispanic,2024-02-19T23:01:31Z,PT35S,106541,6503,97
Breaking News Live | Sandeshkhali à¤¹à¤¿à¤‚à¤¸à¤¾ à¤•à¥‹ à¤²à¥‡à¤•à¤° Calcutta High Court à¤¸à¥‡ Mamata à¤¸à¤°à¤•à¤¾à¤° à¤•à¥‹ à¤¬à¤¡à¤¼à¤¾ à¤à¤Ÿà¤•à¤¾ !,2024-02-20T12:31:23Z,PT4H54M41S,106127,1240,10
ALUPATA DEDUNU || à¶…à·…à·”à¶´à·à¶§ à¶¯à·šà¶¯à·”à¶±à·” || Episode 53 || 18th February 2024,2024-02-18T15:30:16Z,PT24M34S,111606,2133,165
à·„à¶¶à·“ à¶…à¶¯ à¶†à·€à· à¶¸à·à·€ à¶¶à¶½à¶±à·Šà¶± ğŸ˜|Congratulations à¶¯à·™à¶±à·Šà¶±à·à¶§à¶¸ â¤ï¸|Couple Goals |#shorts,2024-02-17T12:59:01Z,PT47S,134367,4921,29
à¶šà·Šâ€à¶»à·“à¶¸à·Š à·„à·œà¶»à¶šà¶¸à·Š à¶šà·… à¶­à¶»à·”à¶«à·’à¶ºà¶§ à¶¯à·”à¶±à·Š à¶¯à¶¬à·”à·€à¶¸ - à¶¸à·šà¶š à·ƒà·à¶½à·œà¶±à·Š à¶‘à¶šà¶šà·Š à¶¯? à¶‰à·ƒà·Šà¶šà·à¶½à¶ºà¶šà·Š ? -Hiru News,2024-02-17T08:13:30Z,PT2M32S,103830,1372,839
SpellBinder à¶šà¶­à· à¶¸à·à¶½à·à·€à·š à¶šà·Šâ€à¶»à·’à·ƒà·Šà¶§à·“à¶±à·Š à¶´à·…à¶¸à·”à·€à¶»à¶§ On Topic à¶­à·”à·…à·’à¶±à·Š | On Topic with Hasitha Wijewardena,2024-02-18T15:28:53Z,PT5M44S,104207,4821,480
à¶¶à·”à·€à·’ à¶ à·–à¶§à·’ à¶´à·”à¶­à· à¶‘à¶šà·Šà¶š à¶‡à·€à·’à¶¯à·’à¶±à·Šà¶± à¶œà·’à·„à·’à¶±à·Š ğŸ˜ à¶ à·”à¶§à·’ à¶´à·”à¶­à· à¶½à¶‚à¶šà·à·€à¶§ à¶‘à¶±à·Šà¶± à¶šà·à¶¸à¶­à·’ à¶±à·‘ sajitha anuththara buwi #shorts,2024-02-17T14:36:33Z,PT4S,109461,2195,9
"'ë¶ˆë²•ì£¼ì°¨' ëª» ì°¸ì€ ë‚¨ì„±, ì™¸ì œì°¨ê¹Œì§€ 'ë°•ì‚´' (ìë§‰ë‰´ìŠ¤) / SBS",2024-02-20T04:17:29Z,PT1M33S,317754,1983,3190
à¶´à·™à¶¶à¶»à·€à·à¶»à·’ 23 à¶´à·à¶º à¶¯à·€à·ƒ à¶‰à¶­à· à¶´à·Šâ€à¶»à¶¶à¶½à¶ºà·’! à¶»à·à¶¢ à¶ºà·à¶œ! à¶¸à·š à¶½à¶œà·Šà¶± à·„à·’à¶¸à·’à¶ºà· 4 à¶¯à·™à¶±à·à¶§ à¶šà·à¶§à·’ à¶œà·à¶«à¶š à¶½à·œà¶­à¶»à·à¶ºà·’ à¶¯à·’à¶±à·”à¶¸à¶šà·Š à¶±à·’à¶ºà¶­à¶ºà·’!,2024-02-18T07:31:40Z,PT17M48S,118761,2073,393
Australia à·€à·š à¶…à¶´à·š backyard à¶‘à¶š|à¶…à¶´à·’ à·ƒà¶­à·”à¶§à·’à¶±à·Š à¶‰à¶±à·Šà¶±à·š à¶¸à·™à·„à·™à¶¸à¶ºà·’|à¶‘à¶ºà·à¶§ à·„à¶¯à¶´à·” à¶…à¶¸à·”à¶­à·” à¶šà·‘à¶¸ à¶‘à¶š-Sangeeth Dini Vlogs,2024-02-17T06:00:13Z,PT18M20S,100787,2558,225
Chandi Kumarihami - à¶ à¶±à·Šà¶©à·’ à¶šà·”à¶¸à·à¶»à·’à·„à·à¶¸à·’ | Episode 72| 2024-02-18 | Hiru TV,2024-02-18T13:15:07Z,PT24M49S,102694,1793,149
Sri Lanka vs Afghanistan1st T20 Match Highlights Report at Dambulla| Matheesha Pathirana the Hero,2024-02-17T19:24:15Z,PT16M22S,98513,1746,130
13ë§Œì‹œê°„ 30ë¶„ ê±¸ë¦° ë–¡ë³¶ì´ëŠ” ë¬´ìŠ¨ ë§›ì¼ê¹Œ?,2024-02-19T09:14:09Z,PT39S,94982,4589,83
Hiru Star - Season 04 | EPISODE 42 | 2024-02-18,2024-02-18T16:10:21Z,PT1H23M27S,93276,1893,146
Is that Karnation ğŸ¤£ğŸ¤£ğŸ¤£,2024-02-19T23:44:26Z,PT10S,91295,5850,96
à®‰à®¯à®¿à®°à¯‹à®Ÿ à®ªà¯à®¤à¯ˆà®•à¯à®•à®ªà¯à®ªà®Ÿà¯à®Ÿà®¾à®©à¯ - Killed in North Sentinel,2024-02-18T06:18:59Z,PT15M13S,99060,6814,179
à¶…à¶±à·”à¶» à¶šà·”à¶¸à·à¶» à·ƒà·„à·à¶¯à¶»à¶ºà·à¶§ à¶¯à·à¶©à·’ à¶†à¶»à¶šà·Šà·‚à·à·€à¶šà·Š..,2024-02-19T02:54:52Z,PT11M46S,96452,2268,591
YKS 2024 SORULARI BURADAN GELECEK ğŸš€ #yks #yks2024,2024-02-19T17:09:31Z,PT29S,85601,17331,235
Russia Ukraine War News LIVE: à¤¯à¥‚à¤•à¥à¤°à¥‡à¤¨à¥€ à¤†à¤°à¥à¤®à¥€ à¤¨à¥‡ à¤•à¤¿à¤¯à¤¾ à¤¸à¤°à¥‡à¤‚à¤¡à¤° | Putin | Zelenskyy | World War-3,2024-02-20T02:30:09Z,P0D,85253,785,0
The Thee Rich Brothers ğŸ¤‘ğŸ˜‚ #shorts #funnystories,2024-02-19T20:01:45Z,PT47S,86378,7729,27
à¶¸à·œà¶šà¶¯ à·€à·™à¶½à· à¶­à·’à¶ºà·™à¶±à·Šà¶±à·š ğŸ˜®,2024-02-19T00:30:09Z,PT37S,88408,1465,4
à¶…à¶±à·”à¶» à¶šà·”à¶»à·”à¶«à·‘à¶œà¶½à¶¯à·“ à¶´à·Šâ€à¶»à¶·à¶½à¶ºà· à¶§à·’à¶š à¶‘à¶š à¶´à·™à·…à¶§à¶¸ à¶‰à·€à¶» à¶šà¶»à¶½à· à¶¯à·à¶ºà·’ | à¶¸à·„à·’à¶±à·Šà¶¯à¶œà·š à¶šà¶­à·à·€à¶§à¶­à·Š à¶…à¶±à·”à¶» à¶»à·’à¶¯à·™à¶±à·Šà¶± à¶¯à·™à¶ºà·’...,2024-02-18T13:00:33Z,PT12M59S,89408,2449,494
Policiais trocam tiros por engano no Rio,2024-02-19T18:38:24Z,PT10M26S,84147,1921,
à¶¸à·à·€ à¶¸à¶»à¶±à·Šà¶± à·„à·à¶¯à·”à·€à·š à¶¢à·à¶­à·’à¶š à¶»à·à·„à¶½à·š à¶šà·”à¶©à·” à·€à·’à¶šà·”à¶«à¶± à¶¸à¶‚à¶šà·œà¶½à·Šà¶½à¶šà·à¶»à¶ºà· à·ƒà·™à¶§à·Š à¶‘à¶šà¶šà·Š. @TruthwithChamuditha,2024-02-18T14:44:50Z,PT36M52S,88431,1851,729
BLUE LAPIZ MINECRAFT LAMP!!,2024-02-20T00:00:05Z,PT37S,82906,7693,31
Ğ§Ñ‚Ğ¾ Ğ´ĞµĞ»Ğ°ÑÑ‚ Ñ Ñ‚ĞµĞ»Ğ¾Ğ¼ ĞĞ°Ğ²Ğ°Ğ»ÑŒĞ½Ğ¾Ğ³Ğ¾. ĞŸÑƒÑ‚Ğ¸Ğ½ Ğ½Ğ°Ğ³Ñ€Ğ°Ğ´Ğ¸Ğ» Ğ¤Ğ¡Ğ˜Ğ. Ğ§Ñ‚Ğ¾ ÑĞºĞ°Ğ·Ğ°Ğ»Ğ° Ğ®Ğ»Ğ¸Ñ ĞĞ°Ğ²Ğ°Ğ»ÑŒĞ½Ğ°Ñ | Ğ£Ğ¢Ğ Ğ,2024-02-20T07:32:34Z,PT29M36S,126740,7601,1055
Ğ Ğ¾ÑÑĞ¸ÑĞ½Ğµ Ğ½Ğ°Ğ±Ñ€Ğ°Ğ»Ğ¸ Ñ€ĞµĞºĞ¾Ñ€Ğ´Ğ½Ğ¾Ğµ ĞºĞ¾Ğ»Ğ¸Ñ‡ĞµÑÑ‚Ğ²Ğ¾ ĞºÑ€ĞµĞ´Ğ¸Ñ‚Ğ¾Ğ² | Ğ§Ñ‚Ğ¾ Ñ‚ĞµĞ¿ĞµÑ€ÑŒ?,2024-02-20T08:55:04Z,PT25M42S,135118,14629,1226
Anniversaryà°•à°¿ğŸ˜» à°…à°²à°¾ Lehanga ğŸ›ï¸à°·à°¾à°ªà°¿à°‚à°—à± à°šà±‡à°¸à°¾à°®à±! #shorts #shopping #minivlog #haul #lehanga #viral,2024-02-20T00:30:18Z,PT52S,104147,8157,328
à·„à·’à¶»à·” à·ƒà·€à·ƒ 6.55 à¶´à·Šâ€à¶»à¶°à·à¶± à¶´à·Šâ€à¶»à·€à·˜à¶­à·Šà¶­à·’ à¶´à·Šâ€à¶»à¶šà·à·à¶º - Hiru TV NEWS 6:55 PM LIVE | 2024-02-18,2024-02-18T14:10:00Z,PT37M1S,81267,888,54
LIVE à¹€à¸ˆà¸²à¸°à¸¥à¸¶à¸à¸—à¸±à¹ˆà¸§à¹„à¸—à¸¢ Inside Thailand 20 à¸.à¸. 67,2024-02-20T02:32:20Z,PT1H27M15S,95402,1705,87
à¶‡à·†à¶œà·Šà¶±à·Š à¶­à¶»à¶œà¶ºà·š à·ƒà¶±à¶­à·Š à¶¯à·à¶©à·’ à¶´à·“à¶©à¶±à¶ºà·™à¶±à·Š à·„à·’à¶§à¶´à·” à·„à·à¶§à·’ à¶šà·Šâ€à¶»à·“à¶©à· à¶‡à¶¸à¶­à·’à¶­à·Šà¶’ à¶…à¶­à¶» / ğŸš¨ Exclusive Video,2024-02-18T12:20:32Z,PT5M23S,82474,1447,128
à¶½à·ƒà·Šà·ƒà¶± à¶…à¶­à·Šà¶­à¶§à·” à¶…à¶»à¶±à·Š à¶ à·à¶¸à·’à¶š à·ƒà·’à¶»à·’à¶¸à·à¶±à·Šà¶± à¶šà·”à¶»à·”à¶«à·‘à¶œà¶½ à¶¸à·à¶½à·’à¶¸à·à·€à·š à·€à·šà¶¯à·’à¶šà·à·€à¶§ 2015à¶§ à¶šà¶½à·’à¶±à·Š à¶¸à¶¸à¶­à·Š à·„à·’à¶§à·’à¶ºà·š à¶…à¶» à¶œà·œà¶©à·š - à¶ à·à¶¸à·’à¶š,2024-02-18T10:51:15Z,PT6M46S,79212,1899,326
[ì˜¤í”¼ì…œ] ì •í•´ì„± ì „ë ¥ê°•í™”ìœ„ì›ì¥ ì„ ì„ / í´ë¦°ìŠ¤ë§Œ í›„ì„ì— ë§¨ìœ  ë ˆì „ë“œ ìŠ¤í‹°ë¸Œ ë¸Œë£¨ìŠ¤?! / 2ì›”ì— ì •ì‹ê°ë… ë‚˜ì˜¨ë‹¤ê³ ?! / [ë ˆë“œì¬ë¯¼] KFA íšŒì¥ ì—­ì‚¬,2024-02-20T11:11:08Z,PT2H8M22S,152586,3973,77
Good News | PTI Leadership Reha? | News Headlines 8 AM | 20 Feb 2024 |Express News,2024-02-20T03:40:10Z,PT13M30S,126086,1857,38
His Reaction Of My Nails ğŸ˜‚| Every Boyfriendâ€™s Favourite Thing | Long Distance | Shubnandu #shorts,2024-02-20T08:42:54Z,PT23S,82923,7350,33
Buldak noodles is top tier girl dinnerğŸ’ª #koreanfood #buldak #girldinner,2024-02-20T00:31:00Z,PT59S,77670,12077,33
à¦¬à§à¦¯à¦¾à¦°à¦¿à¦¸à§à¦Ÿà¦¾à¦° à¦¸à§à¦®à¦¨à§‡à¦° à¦¬à¦•à§à¦¤à¦¬à§à¦¯ à¦¶à§à¦§à¦°à§‡ à¦¦à¦¿à¦²à§‡à¦¨ à¦ªà§à¦°à¦§à¦¾à¦¨à¦®à¦¨à§à¦¤à§à¦°à§€ #barristersumon #sheikhhasina #somoytv #shorts,2024-02-19T13:50:57Z,PT44S,63494,2579,63
Has this ever happened to anyone,2024-02-19T18:00:15Z,PT58S,60838,3141,50
UMIKO PUBG 500 K ğŸ¤¯ğŸ¤¯ğŸ¤¯ #shorts #pubgmobile #pubgmobile #Ğ¿ÑƒĞ±Ğ³Ğ¼Ğ¾Ğ±Ğ°Ğ¹Ğ» #pubg #Ğ¿ÑƒĞ±Ğ³,2024-02-20T11:37:39Z,PT2H37M2S,78946,383,6
Awunpot semba@SachinkerSagolsem,2024-02-20T06:54:15Z,PT6M35S,64586,4962,70
Vistas All Chapters In One Video | CBSE CLASS 12 ENGLISH | VISTAS | One Shot,2024-02-20T07:24:09Z,PT1H44M7S,59807,6832,814
Imran Khan on his Plan to Return to Power with deal | NEUTRAL BY JAVED CHAUDHRY,2024-02-20T04:00:30Z,PT14M2S,123900,3829,422
à°•à±‡à°¸à±€à°†à°°à± à°à°‚ à°šà±‡à°¯à°¬à±‹à°¤à±à°¨à±à°¨à°¡à±..à°®à±à°‚à°¦à±‡ à°šà±†à°ªà±à°ªà±‡à°¸à°¿à°¨ à°®à°²à±à°²à°¨à±à°¨  | Teenmarmallanna | QnewsHD,2024-02-20T06:23:10Z,PT7M14S,109855,1969,257
The BEST feeling in the World!! I know Iâ€™ll miss this ğŸ¥¹â¤ï¸ #shorts,2024-02-19T18:12:55Z,PT7S,54557,4659,132
Chinese burger with chicken and bamboo shoots ğŸ” #food,2024-02-20T03:16:24Z,PT59S,63345,7631,110
"ĞĞ›ĞĞĞ, Ğ‘Ğ›Ğ˜Ğ Ğ¿Ñ€Ğ¾ ĞšÑĞµĞ½Ğ¸Ñ Ğ¡Ğ¾Ğ±Ñ‡Ğ°Ğº Ğ¸ Ğ”Ğ¸Ğ½Ñƒ Ğ¡Ğ°ĞµĞ²Ñƒ /  Â«ĞÑ‚ĞºÑ€Ğ¾Ğ²ĞµĞ½Ğ½Ğ¾ Ñ Ğ¢Ğ°Ñ‚Ğ°Ñ€ĞºĞ¾Ğ¹Â»",2024-02-19T20:04:58Z,PT58S,52786,1549,33
Week 15 living off homegrown and wild food! ğŸ™‚ #growsomefood #growyourownfood #offgridliving,2024-02-19T17:04:55Z,PT58S,49143,6287,64
